"","상품명","CU","GS","농협","롯데마트","롯데백화점","롯데슈퍼","세븐일레븐","시장","신세계백화점","이마트","현대백화점"
"1","1964 정통 크림빵",3300,3280,3246.66666666667,NA,NA,NA,3300,3259.42307692308,NA,2789.72762645914,NA
"2","3M후레쉬백",NA,NA,2283.75,NA,NA,NA,NA,2451.42857142857,2000,NA,2542.85714285714
"3","3분 쇠고기 짜장",1600,1580.13157894737,1188,NA,NA,1694.03669724771,1700,1066,1555.45454545455,1180,1704.66666666667
"4","3분 쇠고기 카레",1600,1580,1181.33333333333,NA,NA,1694.5871559633,1375,1075.5737704918,1442.22222222222,1180,1704.66666666667
"5","B&B 안심표백제(500g)",7900,6900,6900,NA,NA,NA,NA,6890,8600,NA,NA
"6","CJ 100% 국산 햇당면(400g)",NA,5770,5450,NA,NA,NA,NA,6195.55555555556,6247.85714285714,6480,6600
"7","CJ 가쓰오 우동(4인분)(933.2g)",7940,7480,7980,NA,NA,NA,NA,8004.8275862069,8229.23076923077,7980,8600
"8","CJ 더 건강한햄 그릴후랑크(350g)",5740,6280,6005,NA,NA,NA,NA,5848.18181818182,6980,NA,6500
"9","CJ 더안심 건강란(대란 15개)",NA,9800,8480,8480,NA,8509.22018348624,NA,9578.125,NA,NA,NA
"10","CJ 비비고 사골곰탕(500g)",1900,1789.86842105263,1351,NA,NA,1977.82568807339,NA,1547.22772277228,1636.25,1780,1620
"11","CJ 비비고 왕교자(910g)",9500,8118.9802631579,7880,8480,8480,8203.30275229358,8000,8172.13333333333,8847.27272727273,NA,8642.66666666667
"12","CJ 비비고 육개장(500g)",4800,3265,3966.66666666667,NA,NA,3780.98165137615,4800,3556,3840,4474.90421455939,3761.33333333333
"13","CJ 알짜란(대란 15개)",NA,8980,NA,NA,NA,8991.37614678899,NA,8980,6980,NA,NA
"14","CJ 참그린",NA,6009.73509933775,6700,NA,NA,NA,4500,5546.9512195122,4975,NA,5430
"15","CJ 참쌀떡국떡(1kg)",NA,NA,NA,NA,NA,NA,NA,4125,4900,3680,NA
"16","CJ 햇반 컵반 고추장 제육덮밥(250g)",4800,3791.67763157895,3980,NA,NA,3982.62385321101,4800,3574.28571428571,3691.42857142857,4474.98113207547,3741
"17","CJ 햇반 컵반 미역국밥(167g)",4200,3097.30263157895,3480,NA,NA,3484.45871559633,4200,3036.77419354839,3129.09090909091,3980,3124
"18","CJ 햇반(210g*3개입)",4000,4478.34437086093,3980,4980,5150,4988.30275229358,4000,4313.33333333333,5594,4980,5860
"19","CJ 행복한콩 국산콩 콩나물",1400,1850,NA,NA,NA,NA,NA,1850,1900,NA,1900
"20","CJ하선정 포기김치(2.5Kg)",17500,17000,15800,NA,NA,NA,NA,16768.3333333333,17000,NA,16076.9230769231
"21","Dr. ato(민감성건성피부보습)",NA,18009.9337748344,18500,NA,NA,18593.2018348624,27500,14388.8888888889,19500,NA,NA
"22","I cant believe(60%) 저지방마가린(212.5g*2개)",NA,NA,3990,NA,NA,NA,NA,NA,NA,NA,7080
"23","JB 뉴 베드타임 로션",12200,17900,17900,NA,NA,7669.14678899083,NA,17582.7586206897,21000,17900,17800
"24","Neut.핸드크림",7600,5980,6700,NA,NA,3809.83486238532,7600,6336.66666666667,7400,NA,7400
"25","NEW하기스 네이처메이드 남아용 대형(42매 4단계)",NA,27100,24300,NA,NA,NA,NA,26625,24400,NA,26815.3846153846
"26","PACE 6 면도날",NA,14800,16900,NA,NA,8848.96330275229,NA,14952.6315789474,14350,16900,14800
"27","가그린 레귤러",3000,3150,3000,NA,NA,3706.35779816514,3000,3161.53846153846,2800,NA,NA
"28","가지",NA,523.5,478,537.75,NA,432.75,NA,372.181818181818,707,530.642857142857,NA
"29","갈치(냉동)",NA,2205.5,2345,NA,NA,2264,NA,2418.73333333333,NA,2739.66666666667,NA
"30","갈치(생물)",NA,NA,2760,2650.25,NA,3073,NA,2604.75806451613,NA,3173.4,NA
"31","감자(껍질 있는 감자)",NA,321.625,235,342.6,NA,342,NA,234.345070422535,382,263.157894736842,567
"32","게토레이 레몬",2000,1007.07236842105,1235.33333333333,NA,NA,1578.16513761468,2000,1379.50495049505,1700,980,1340
"33","고구마(껍질 있는 밤고구마)",NA,739,615,753,NA,743,NA,570.504950495049,736,565.941176470588,NA
"34","고구마(껍질 있는 호박고구마)",NA,749,NA,760.8,NA,999,NA,582.34375,NA,748.125,NA
"35","고등어(생물, 300~500g)",NA,3490,4225,3948,NA,3174.90358126722,NA,3709.07627118644,NA,3677.5,NA
"36","고소한골드마요네즈(오뚜기)",4500,4258.22368421053,3554.33333333333,4050,4850,4982.5504587156,5800,4495.13513513513,4333.33333333333,4050,4220
"37","고소한국산콩두부(부침용)(대상)",NA,3650,3175,NA,NA,NA,NA,3716.66666666667,NA,NA,4700
"38","고소한마요네즈(대상)",NA,3034.76821192053,3408,NA,NA,4391.66972477064,NA,4040.46511627907,4112,4050,4300
"39","고소한참기름(오뚜기)",6600,7967.63157894737,7690,7980,9600,7893.66972477064,6600,7916.91489361702,7054,8480,7800
"40","고향만두",7100,NA,6223.33333333333,NA,NA,NA,5500,7812.14285714286,NA,NA,5200
"41","곰표 다목적밀가루(1kg)",NA,1380,1278,1126,NA,1571.1376146789,NA,1475,NA,1120,1190
"42","국산아작아작콩나물",NA,1550,1580,NA,NA,NA,NA,1438,1600,NA,1600
"43","국순당 대박 막걸리",1300,1100,1630,NA,NA,1103.36697247706,1400,1100,1600,1580,1500
"44","국순당 우국생",1700,1950.32894736842,NA,NA,NA,1900,2000,1923.52941176471,NA,NA,2200
"45","그린핑거 알로에베라 물티슈(캡형,64매*6개입)",NA,NA,9266.66666666667,NA,NA,NA,NA,10469.2307692308,9900,NA,9900
"46","그린핑거 촉촉한자연보습 베이비로션",NA,25500,12600,NA,NA,25202.8990825688,NA,22963.6363636364,NA,NA,25200
"47","금영식품 백진미오징어(300g)",NA,NA,NA,13900,NA,NA,NA,NA,NA,NA,NA
"48","까스명수(단품)",500,594.039735099338,500,NA,NA,NA,750,629.032258064516,760,NA,750
"49","깨끗한나라 3겹데코 순수 프리미엄",NA,NA,NA,NA,NA,NA,NA,19000,16775,NA,NA
"50","깨끗한나라 물티슈",9300,10049.0066225166,NA,NA,NA,NA,8000,11447.3684210526,11992.8571428571,NA,11710
"51","깨끗한나라 키친타올",NA,5900,5800,NA,NA,NA,5900,6100,4300,NA,6800
"52","깻잎",NA,1880,2549.5,2254.5,NA,1633,NA,1515.39495798319,2300,2748.33333333333,NA
"53","남양 17차 티백(80입)",NA,7037.88079470199,6275,NA,NA,NA,NA,6300,NA,5980,6590
"54","남양 드빈치 버터(450g)",NA,8580,8680,8580,NA,NA,NA,9326.8085106383,7083.33333333333,NA,7050
"55","남양유업 맛있는우유GT(1000ml)",2650,2650,2520,2530,2650,2613.06422018349,2650,2600.89108910891,2650,2520,2650
"56","네스카페 신선한 모카(180입)",NA,19800,23300,NA,NA,21007.3944954128,NA,24125,24990,NA,28300
"57","농심 새우깡(90g)",1300,1099.80263157895,1020,1001.81818181818,1350,1065.17431192661,1300,1151.34328358209,1278.57142857143,1000,1150
"58","농심 신라면 큰사발면(114g)",1150,1100.65789473684,974,NA,NA,1203.10091743119,1225,1081.74193548387,1131.25,990,1160
"59","뉴트로지나 Ultra Sheer Dry-Touch Sun Block",NA,20100,16900,NA,NA,NA,NA,19416.6666666667,17300,NA,20946.6666666667
"60","뉴트로지나 딥클린 포밍 클렌저(175g)",NA,NA,13500,13500,NA,NA,NA,13560,13100,NA,9410
"61","뉴트로지나 립 모이스춰라이저(4g)",5000,4199.07894736842,4080,NA,NA,NA,5100,3802.77777777778,4500,NA,4800
"62","뉴트로지나릴렉싱바디워시",NA,NA,NA,NA,NA,NA,NA,NA,17500,NA,20800
"63","느타리버섯",NA,545.2,616,493.666666666667,NA,NA,NA,635.118279569892,640,590.6,NA
"64","니베아 Face Sun Block Moisturizing Cream",16500,16500,8900,NA,NA,NA,11500,16500,16500,NA,15320
"65","니베아 Fresh Sun Lotion",9900,14890.7894736842,14900,NA,NA,11356.7798165138,14900,14883.3333333333,14900,NA,14900
"66","니베아 SOS 핸드 밤",NA,6800,6800,NA,NA,NA,7900,6316.66666666667,6780,NA,6800
"67","니베아 에센셜 케어(4.8g)",3700,3898.68421052632,3366.66666666667,NA,NA,3971.83486238532,4100,3736.36363636364,3500,4100,3500
"68","다우니 고농축 블루튤립과 달콤한 라일락",NA,9300,11880,NA,NA,10163.6822773186,NA,10260,9450,NA,10500
"69","닥터 아토마일드(묶음)",NA,13500,11900,NA,NA,NA,NA,12980,19900,NA,19900
"70","닥터유 에너지바(40g*4개입)",4000,3980,3582,3980,NA,NA,NA,3444.24242424242,4226,3890,4097
"71","닥터유 에너지바(40g,단품)",1200,1001.31578947368,981.111111111111,NA,NA,1290.12844036697,1200,1037.38095238095,1080,1000,1192
"72","달콤한 베지밀 비",16000,13605.2631578947,13540,13580,NA,13899.4311926605,12000,13575.6756756757,12000,13580,12800
"73","달콤한 삼육두유 B",8000,10491.7073170732,11930,NA,NA,12971.8899082569,11200,12268.5714285714,NA,12450,12000
"74","당근(흙당근)",NA,444,220,291.8,NA,485.85332103321,NA,275.715517241379,353.75,302.315789473684,NA
"75","대림 주부초밥짱(320g)",NA,3980,3780,NA,NA,NA,NA,3832.72727272727,NA,4280,4442.14285714286
"76","대림게맛살큰잔치",NA,3380,3185,NA,NA,NA,NA,3288.27586206897,NA,NA,3180
"77","대림선어묵 부산어묵",1500,1246.35761589404,NA,1480,NA,1290.18348623853,1500,1214,NA,NA,1100
"78","대상 사과식초",NA,2749.01315789474,1980,NA,NA,NA,NA,2551.70454545455,2525,NA,2650
"79","대파(흙대파, 500~800g)",NA,1762.5,1250,2007.5,NA,2320.91743119266,NA,1826.07352941176,NA,1996,NA
"80","대한웰빙호일 15m*25m",NA,NA,NA,NA,NA,NA,NA,NA,3950,4980,NA
"81","더블리치 간편염색 (4G 자연갈색)",NA,7500,11357.1428571429,NA,NA,NA,NA,10000,13000,NA,11300
"82","델몬트 스카시플러스 100",3800,3483.09210526316,3579,NA,NA,2751.07339449541,4500,3480,NA,NA,3400
"83","도브 뷰티 너리싱 바디워시",NA,12400,5800,NA,NA,NA,NA,12400,6200,NA,12400
"84","도브 뷰티바",7400,7900,6700,NA,NA,6461.92660550459,6000,6350.94339622641,6900,5627.77777777778,6900
"85","도브 센스티브스킨 바디워시",NA,12400,12400,NA,NA,NA,NA,11366.6666666667,7200,NA,12400
"86","동서 아카시아꿀",NA,NA,NA,NA,NA,NA,NA,28450,23500,25800,NA
"87","동서벌꿀",12000,17800,NA,NA,NA,12895.8165137615,NA,18409.0909090909,18500,NA,15500
"88","동서현미녹차 100포",8500,6067.03947368421,5605.66666666667,5480,NA,8567.48623853211,6500,6655.71428571429,7250,6175.22727272727,6860
"89","동원 개성 왕만두",NA,6980,6980,NA,NA,NA,NA,7197.14285714286,NA,NA,7200
"90","동원 꽁치",7000,3681.32450331126,4520,NA,NA,2609.22018348624,7000,3702.16216216216,3882.85714285714,NA,3280
"91","동원 양반 쇠고기죽(288g)",3900,2986.05263157895,2069.33333333333,NA,NA,2490,3900,2371.55963302752,2562.5,2980,2150
"92","동원 양반 전복죽(288g)",3900,2986.05263157895,2169.33333333333,NA,NA,2492.56880733945,3900,2860.36363636364,3018.46153846154,2980,2510
"93","동원복숭아(황도) 슬라이스",2200,1980,1876.66666666667,NA,NA,2262.91743119266,3000,2074.66666666667,2065,1980,1900
"94","동원양반포기김치(2.2kg)",NA,NA,12950,NA,NA,NA,NA,12990,NA,NA,20000
"95","동원참치 라이트스탠다드(단품)",4000,2688.68421052632,2608.14814814815,2480,2400,2595.35779816514,4000,2635.5652173913,2713.52941176471,NA,2480
"96","동원참치 라이트스탠다드(묶음)",NA,7983.42105263158,7792,7980,NA,5994.64220183486,12000,8235.6,7685.71428571429,NA,7680
"97","돼지고기 목살",NA,3287.5,2470,2800,NA,3095.81441263574,NA,2256.90789473684,3893.33333333333,2652.63157894737,4500
"98","돼지고기 삼겹살",NA,3374.28571428571,2770,2760,NA,3095.91312931885,NA,2559.12418300654,3671.66666666667,2678.94736842105,4850
"99","두번 구워 김밥이 더욱 향긋한 김밥김",1650,2980,2207.33333333333,NA,NA,3120.2752293578,NA,2584.6875,2450,1980,2400
"100","듀라셀 울트라 파워체크 AA*2입(피엔지)",3100,3220,3200,NA,NA,NA,4000,3263.33333333333,3200,NA,3600
"101","듀라셀 울트라 파워체크 AAA*2입",3100,3220,3200,NA,NA,NA,4000,3255,3200,NA,3600
"102","드봉 스위트로즈",NA,3978.34437086093,6448,NA,NA,NA,3800,4440,NA,3450,3960
"103","들기름 재래 도시락김",NA,6000,NA,NA,6480,NA,NA,6000,NA,NA,NA
"104","디럭스키친타올",NA,NA,7990,NA,NA,NA,NA,8200,8050,NA,8300
"105","딸기잼",4950,4980,4884,NA,NA,4298.73394495413,4100,5241.47826086957,4538.57142857143,4980,5050
"106","때가 쏙 비트(가루,리필형,4kg)",NA,NA,NA,NA,NA,7777,NA,9900,NA,9900,NA
"107","때가 쏙 비트(액체,드럼용,3L)",NA,10900,12900,NA,NA,NA,NA,12800,10500,NA,10594
"108","떠먹는불가리스 딸기 오리지날(4개묶음)",2480,2850,2551.11111111111,2650,NA,2897.06422018349,NA,2931.69014084507,2850,2490,2850
"109","레드불 에너지 드링크(250ml)",2200,2200,2162.22222222222,NA,NA,NA,2200,2137.53846153846,2000,2090,2592
"110","레쓰비 마일드(175ml)",600,501.973684210526,385.416666666667,NA,NA,460.97247706422,800,463.30985915493,550,NA,390
"111","려 함빛 극손상케어 샴푸",12500,12500,5000,NA,NA,NA,NA,11500,NA,NA,NA
"112","롯데 ABC 초코(65g)",2000,1009.73684210526,1605,1580,NA,1602.39449541284,2000,1424.38356164384,1800,NA,1757.14285714286
"113","롯데 가나 마일드(34g*3개입)",NA,2400,2088,NA,NA,1849.4052608416,NA,2330,NA,2035,NA
"114","롯데 가나 마일드(34g,단품)",1000,801.315789473684,800,NA,NA,951.394495412844,1000,828.219178082192,NA,NA,900
"115","롯데 목캔디 허브(148g)",3000,2380,2433.33333333333,NA,NA,NA,3000,2421.53846153846,NA,NA,2700
"116","롯데 미니소보로(375g)",3200,2680,2752.85714285714,NA,NA,NA,NA,2740,NA,2680,NA
"117","롯데 아이러브 토스트(750g)",NA,2116.15131578947,2224.28571428571,NA,NA,2976.80733944954,NA,2343.47826086957,NA,1980,NA
"118","롯데 월드콘 바닐라(160ml,단품)",1800,937.5,822.222222222222,1000,NA,798.165137614679,1800,910.090909090909,NA,800,1500
"119","롯데 자일리톨 오리지날(87g)",5000,3026.84210526316,3887,3180,4750,3000.45871559633,5000,3747.93103448276,4270,NA,4058.66666666667
"120","롯데 핫식스(250ml)",1500,1082.76315789474,908.75,NA,NA,792.422018348624,1500,918.818181818182,1155.55555555556,980,940
"121","롯데비앤나(400g)",6600,6980,6980,7980,NA,NA,7300,6980,NA,8266.63967611336,NA
"122","롯데슬라이스햄",2800,2320.26315789474,2370,2180,3650,3259.81684981685,3900,2780,NA,NA,2300
"123","롯데푸드 돼지바(70ml,단품)",900,800,400,NA,NA,499.174311926606,1000,492.661157024793,NA,NA,700
"124","롯데푸드 찰떡국화빵(150ml,단품)",1800,995.328947368421,883.333333333333,NA,NA,1600,1800,981.639344262295,NA,NA,NA
"125","롯데호일(25cm x 30m)",NA,2483.67346938776,4857.14285714286,NA,NA,4950,4150,3910,NA,NA,5578.33333333333
"126","롯데호일(30cm x 30m)",NA,NA,5643.33333333333,NA,NA,5700.33027522936,5590,6054.4,NA,NA,6258.33333333333
"127","리스테린 쿨민트",4300,3783.42105263158,3722.22222222222,NA,NA,3723.45871559633,4300,3775.38461538462,3790.90909090909,3700,3500
"128","리엔 흑모비책크림염색 자연갈색",NA,9913.15789473684,10400,NA,NA,NA,NA,8377.39130434783,7920,10400,5709.33333333333
"129","마늘(깐마늘)",NA,1524.57142857143,1690,1420.2,NA,1514.2,NA,1037.69565217391,2222.85714285714,1353.78947368421,1738
"130","마미손 뷰티(중)",NA,NA,2144,NA,NA,NA,NA,2275,2740,NA,NA
"131","마일드참치(단품)",2800,2482.10526315789,2556,NA,NA,2145.06422018349,2300,2439.28571428571,2728.57142857143,NA,2350
"132","마일드참치(묶음)",3000,7785.98684210526,7406.33333333333,7800,NA,5820.92660550459,5600,7313.33333333333,6930,NA,7006
"133","마하3 면도날",13000,17920.3947368421,17966,NA,NA,12771.4036697248,21000,18975.6097560976,17150,NA,20500
"134","맑고신선한옥수수유",NA,4980,4620,NA,NA,NA,5350,4850.52631578947,NA,4250,NA
"135","맑고신선한해표식용유",NA,4278.15789473684,3523.33333333333,NA,3700,4590.73394495413,3900,4195.25,NA,4250,4700
"136","맛선생 해물",7400,11410,5375.2380952381,6640,NA,NA,NA,9280.71428571429,8700,8300,8700
"137","맛있는 미역국",1700,1583.42105263158,1350,NA,NA,2086.12844036697,1900,1670.79710144928,1500,NA,1550
"138","맛있는 오뚜기밥(210g*3개입)",4400,4625.7072368421,4050,3350,4000,3698.49541284404,4350,3970.96774193548,4941.11111111111,NA,3850
"139","맛있는오뚜기밥(6개입)",9500,8152.8947368421,6342,6576,6500,NA,NA,7079.73684210526,8289.28571428571,6530,6340.33333333333
"140","매일 카페라떼 마일드",1600,1518.75986842105,1150,NA,NA,1500,1600,1317.39130434783,1510,1500,1600
"141","매일바이오거트(4개 묶음360g)",NA,2598.90728476821,2800,2780,NA,2796.91743119266,NA,2586.66666666667,2800,2750,2800
"142","매일우유 오리지널(ESL)(1000ml)",2650,2650,NA,2470,2550,2699.30402930403,2650,2650,2610,NA,2650
"143","매일유업 뼈로가는 칼슘치즈(180g)",4900,4850,4600,NA,NA,4800,2650,4652.5,4837.5,NA,4800
"144","매일유업 뼈로가는 칼슘치즈(270g)",NA,6900,6600,6550,NA,7400,NA,6800,6612.5,6550,6214.66666666667
"145","맥스 CRV 폭발방지 부탄가스",8000,NA,4505,4263,NA,6355.44536271809,NA,4333.33333333333,NA,5290,NA
"146","맥스웰 하우스 오리지날",NA,14566.2251655629,12755,NA,NA,NA,NA,16136.231884058,14270,13666.015625,17000
"147","맥스웰 하우스 오리지날(200ml)",800,452.302631578947,NA,NA,NA,NA,800,450,NA,NA,500
"148","맥심 티오피 마스터블렌드(275ml)",2200,1744.50657894737,1335,NA,NA,1880,2200,1325.05617977528,1700,980,1700
"149","맥심모카골드",25800,23870.7236842105,22475.6666666667,21900,29380,23277.1009174312,27500,22771.0526315789,28410,23425,27033.3333333333
"150","머거본 꿀땅콩(135g)",3600,2980,2500,NA,NA,NA,3600,2991.89189189189,NA,NA,NA
"151","메로나(단품)",900,800,414.285714285714,NA,NA,499.174311926606,900,485.359223300971,NA,400,766.666666666667
"152","메소드 다목적 세정제(라벤더,828ml)",NA,NA,NA,NA,NA,NA,NA,NA,7110,NA,7900
"153","모닝버터(해바라기유)(200g)",4200,3798.02631578947,3600,NA,NA,NA,3500,3957.83783783784,NA,NA,3800
"154","목우촌 주부9단 프랑크 소시지(500g)",NA,7580,6315.33333333333,7150,NA,7793.84403669725,6600,7260.76923076923,NA,6980,7150
"155","목초를 먹고 자란 건강한 닭이 낳은 달걀(대란 15개)",5800,8480,8851.42857142857,NA,8880,8987.43119266055,NA,8484.66666666667,8738.57142857143,NA,8880
"156","몬스터 에너지(355ml)",2200,2001.31578947368,1911.25,NA,NA,NA,2200,1808.06451612903,2307.14285714286,1950,2190
"157","몽쉘 크림",NA,4205.3642384106,4280.66666666667,4780,5680,4590.45871559633,NA,4135.38461538462,5061.42857142857,4373.84615384615,4390.66666666667
"158","무(줄기 없는 무)",NA,2323.25,1890,1920,NA,2905.94470046083,NA,1926.99310344828,2830,1753.68421052632,2840
"159","무가염버터(450g)",NA,10300,10300,10270,NA,10621.7706422018,NA,11225.2941176471,10300,10270,10300
"160","무균무때(욕실용)",NA,5900,5900,NA,NA,5890.05504587156,7500,5718.57142857143,4590,NA,4430
"161","미닛메이드 오리지날 오렌지 100",NA,3800,3625.71428571429,NA,NA,NA,NA,3800,3800,NA,3800
"162","미장센 펄샤이닝모이스쳐 린스",NA,NA,NA,NA,NA,10516.880733945,NA,8714.28571428571,NA,NA,13000
"163","미장센 펄샤이닝모이스쳐 샴푸",NA,NA,NA,NA,NA,9179.15094339623,NA,8142.85714285714,NA,NA,13000
"164","미쟝센 쉽고빠른거품염색(3N 흑갈색)",15000,7315.78947368421,10793.3333333333,NA,NA,15224.9814814815,15000,10498.2456140351,10045.4545454545,8208.10810810811,8200
"165","바다원 조미찢은오징어(300g)",NA,NA,NA,NA,NA,7990,NA,NA,NA,NA,NA
"166","바디피트 볼록맞춤울트라중형",NA,9800,7350,9800,NA,10468.9082568807,NA,8950,5500,8891.53846153846,9800
"167","박카스F(120ml*10병)",8000,8894.07894736842,7687.5,NA,NA,8540.18348623853,8000,7887.7358490566,8000,6880,8000
"168","박카스F(120ml,단품)",800,864.572368421053,750,NA,NA,854.018348623853,800,780.719424460432,800,NA,800
"169","배추",NA,3880,3050,3480,NA,4484.12186379928,NA,4406.35185185185,5744,3406.66666666667,6062.33333333333
"170","백설 국내산 사과식초(500ml)",1400,1483.42105263158,1360,NA,NA,NA,NA,1588,1509.09090909091,NA,1480
"171","백설 남해굴소스(210g)",NA,3281.44736842105,3001.25,NA,NA,3279.51376146789,NA,3389.01234567901,3185.71428571429,2980,3070
"172","백설 자일로스 설탕",NA,3580,3309,3300,3580,3292.56880733945,NA,3712.5,3566.66666666667,3280,3580
"173","백설 중력밀가루(1kg)",2300,1513.55263157895,1334.66666666667,1180,1580,1796.18348623853,2300,1529.11764705882,1558.75,NA,1600
"174","백설 하얀설탕",2100,1881.44736842105,1598,1580,2116,1811.02752293578,2400,1986.19402985075,2096.66666666667,1580,1920
"175","백설국내콩기름",4300,4201.31578947368,4031,NA,4680,4426.21100917431,2750,4297.28971962617,4450,NA,4212
"176","백설꽃소금",NA,1680,1478,NA,NA,NA,NA,1788.66666666667,NA,NA,1700
"177","백설부침가루(1kg)",2600,2705,2477,NA,NA,2855.19266055046,2450,2469.01639344262,2735,NA,3137.33333333333
"178","벡셀AA*2입",2150,2041.05263157895,2100,2740,NA,1671.23853211009,2200,2057.82608695652,2400,NA,1400
"179","보노 포르치니버섯스프(51.6g)",3500,2936.23355263158,2850,NA,NA,3490.76146788991,3500,2976.81818181818,3200,2563.92452830189,2500
"180","복음자리 딸기잼",5500,5076.52317880795,4411.11111111111,NA,NA,5091.01834862385,NA,5425.82089552239,4800,NA,NA
"181","부세(200~400g)",NA,3900,4300,4980,NA,3490.45871559633,NA,4215.25,NA,5332.5,NA
"182","비락식혜(1.8L)",4300,3700,3580,NA,NA,3607.07339449541,4200,3803.56060606061,4300,3480,3600
"183","비타500(묶음)",8000,6013.15789473684,5560,NA,NA,5263.57798165138,8000,5465.16853932584,7000,5480,5951.61290322581
"184","비타파워",6000,4756.68874172185,3520,NA,NA,6033.11926605505,7000,3740.76923076923,NA,NA,NA
"185","비트 O2 살균표백제",NA,NA,7042.85714285714,NA,NA,NA,7900,7900,7900,NA,7080
"186","빙그레 참붕어 싸만코(150ml,단품)",1800,995.328947368421,1150,NA,NA,NA,1800,960.238095238095,NA,NA,1350
"187","뼈로가는 칼슘두유 담백한맛",9600,11200,11000,NA,NA,NA,NA,10720,9340,NA,11849.2
"188","뽑아쓰는 크린백",NA,NA,2980,NA,NA,NA,NA,3976.66666666667,3980,5880,NA
"189","사누끼 가쓰오 생우동",5600,NA,6230,NA,NA,NA,NA,5380,6635,NA,6480
"190","사조 꽁치",NA,2980,4346.66666666667,NA,NA,NA,NA,3901.63265306122,NA,NA,3100
"191","사조참치 살코기 안심따개",2600,2105.26315789474,1281.11111111111,NA,1500,2280.78899082569,NA,1721.875,NA,NA,1745.38461538462
"192","산소계표백제 유한젠(1kg)",9900,9900,9900,NA,NA,NA,9900,9954.54545454545,9900,9900,NA
"193","삼다수(2L 묶음)",10200,6325.65789473684,5880,NA,NA,6258.2752293578,10200,6283.80165289256,6171.42857142857,4830,6190
"194","삼다수(2L)",1700,1054.27631578947,980,945,1067.14285714286,1043.04587155963,1700,1105.13888888889,1037.5,972.105263157895,1038.70967741935
"195","삼다수(500ml 묶음)",19000,9661.84210526316,8600,NA,NA,9748.99082568807,19000,9557.73195876289,10000,8600,9866.66666666667
"196","삼다수(500ml)",950,483.092105263158,430,422,500,487.449541284404,950,524.855072463768,512.5,428.195488721805,493.548387096774
"197","삼립 아침엔밀크토스트(330g)",NA,2280,2140,NA,NA,1990,NA,2076.32653061224,NA,2280,NA
"198","삼양라면 5개입",4000,4000,2766.66666666667,3280,3780,2994.28440366972,4075,3410.29197080292,3800,2939.38697318008,3500
"199","삼치(500~700g)",NA,2285,NA,1217,NA,863,NA,1051.18181818182,2422,1292,NA
"200","삼호맛살",NA,1780,1353,NA,1850,NA,NA,1795,1980,NA,1850
"201","새콤달콤 간편한 유부초밥 박사(160g*2)",NA,NA,NA,NA,NA,NA,NA,2925,4500,3730,3990.86956521739
"202","샘표 김치찌개용 꽁치",3000,3001.18421052632,5144.66666666667,5580,NA,NA,NA,5156.9696969697,4953.33333333333,5580,5980
"203","샘표 시골집 토장(900g)",NA,9800,9165.33333333333,NA,NA,6504.67889908257,NA,10306.6666666667,10000,7467.969348659,7092
"204","샘표소면(1.1kg)",NA,NA,3285,NA,NA,NA,NA,3168,3432.5,NA,3200
"205","샘표황도",2200,1920,1870,NA,NA,NA,NA,2073.85964912281,2020,NA,1960
"206","생가득 우리쌀 떡국떡(700g)",4900,6980,6365.71428571429,NA,NA,6990,4980,6586.66666666667,6846.15384615385,6980,6898
"207","생강",NA,2482.25,1000,1234.8,NA,NA,NA,1082.86111111111,NA,1605,NA
"208","생록천(단품)",NA,495.033112582781,NA,NA,NA,NA,450,500,NA,NA,700
"209","생야채돼지고기물만두(400g*2봉)",7700,8480,7980,NA,NA,NA,7800,8291.81818181818,7901.66666666667,7980,7850
"210","샤니 속이알찬 단팥빵(255g)",3300,3280,3246.66666666667,NA,NA,NA,3300,3234.66666666667,NA,2780,2450
"211","샤니 요요꿀호떡(400g)",NA,3480,3454.44444444444,NA,NA,NA,NA,3632.88888888889,NA,3480,2600
"212","샤프란 케어(은은한향)",NA,5423.02631578947,NA,NA,NA,NA,NA,6566.66666666667,8900,NA,4500
"213","샤프란 코튼 앤 크림",NA,9520,9500,NA,NA,NA,NA,9183.33333333333,9520,NA,8550
"214","서울우유 체다슬라이스치즈(200g)",4000,3600,3505,3500,NA,3600.47706422018,2980,3957.67857142857,3655,NA,3600
"215","서울우유 체다슬라이스치즈(400g)",NA,6800,6600,6590,NA,7191.01834862385,NA,7322,6910,6590,6800
"216","서울우유 흰우유(1000ml)",2700,2645.42763157895,2570,2545,2650,2659.1376146789,2700,2729.6,2670,2540,2650
"217","서울장수생막걸리",2000,1701.97368421053,1650,NA,NA,1659.66055045872,2000,1596.77419354839,1675,1679.15966386555,1800
"218","세이 온더바디 고보습 아이리스",13600,6900,6521.33333333333,NA,NA,NA,NA,7109.09090909091,13600,13600,6830
"219","세이프 유기농 발아현미 리필",NA,NA,4100,NA,NA,NA,NA,4437.93103448276,3737.5,NA,3690
"220","쇠고기 등심(1+등급)",NA,13075.25,NA,15725,NA,12900,NA,11740.7536231884,20344.4444444444,13180,NA
"221","쇠고기 등심(1등급)",NA,NA,10900,11400,NA,11392.6850937808,NA,9609.09375,16090.9090909091,12302.5,19400
"222","쇠고기 불고기(1+등급)",NA,6330.25,NA,7400,NA,5919.35779816514,NA,5172.17777777778,6300,6657.77777777778,NA
"223","쇠고기 불고기(1등급)",NA,NA,4380,6000,NA,5916.60550458716,NA,4351.73076923077,6300,6180,7650
"224","순창 오리지널 우리쌀 찰고추장",10700,9800,10868,15300,16800,17444.9357798165,7100,12049.6551724138,13993.3333333333,15300,16000
"225","순창재래식안심생된장",NA,2700,7200,5200,7980,4495.87155963303,5700,6205.1724137931,7364.28571428571,7200,7312.66666666667
"226","스타벅스 커피라떼",2000,2000,1860,NA,NA,2002.16513761468,2000,1952.85714285714,2083.33333333333,NA,2000
"227","스파크(가루,리필형,5kg)",NA,NA,9380,NA,NA,7902.89908256881,NA,9566.66666666667,NA,NA,NA
"228","스팸",7500,6387.36842105263,6330,6396.66666666667,7000,7069.26605504587,7575,4842.08955223881,6642.5,6380,7000
"229","스페셜K 오리지널(480g)",6900,7400,6593.33333333333,NA,NA,NA,8300,7408.33333333333,8200,NA,7800
"230","스프라이트",2900,2501.77631578947,2026,NA,NA,2505.44036697248,2800,2399.5,2550,2380,2080
"231","시금치(250~400g)",NA,2990,6380,5480,NA,5990,NA,5363.125,4733.33333333333,5542.5,NA
"232","식빵위의 네모",2500,2660,2655.71428571429,NA,NA,2792.90825688073,NA,2724.23076923077,NA,NA,2650
"233","신라면 5개입",4150,4325,3380,3590,3900,3522.49541284404,4412.5,3651.43835616438,4216.5,3527.94007490637,3808.33333333333
"234","싱싱맛살",NA,2480,1952,NA,NA,NA,NA,2460,NA,NA,1784
"235","썬 부탄가스",6800,NA,3350,4232,NA,5590.45871559633,NA,4131.48148148148,NA,5290,NA
"236","씨그램 레몬(350ml)",1400,1340,911.666666666667,NA,NA,852.238532110092,1300,784.725274725275,1100,650,730
"237","아비노베이비데일리모이스춰로션",NA,22000,22000,NA,NA,9425.6880733945,19900,22141.6666666667,25800,22000,21900
"238","아이!깨끗해 항균폼 상큼레몬향",5900,3047.6821192053,5900,NA,NA,2964.8623853211,5900,4408.57142857143,4450,5877.09923664122,4262
"239","아이비",NA,1980,1786.66666666667,NA,NA,2773.67889908257,NA,1968.69565217391,1991.42857142857,NA,2700
"240","아이시스(2L)",1700,680.032894736842,715.714285714286,670,900,674.009174311927,1700,815.4,NA,680,780
"241","아이시스(500ml)",950,464.342105263158,368.333333333333,350,500,391.834862385321,950,476.09375,NA,340,390
"242","악마의유혹 프렌치 카페오레",1500,1350.98684210526,990,NA,NA,NA,1500,1259.25925925926,1330,NA,1100
"243","알뜨랑비누 핑크",NA,4725,4010,NA,NA,NA,3180,4245.2380952381,NA,4500,4000
"244","알프스가스",2800,2580,1995,2190,NA,NA,3500,2686.08695652174,NA,2200,NA
"245","애호박",NA,1398.75,900,1502,NA,1296,NA,1139.23076923077,1397.5,1607.36842105263,2500
"246","앱솔루트 명작 3단계",23900,23800.6578947368,23233.3333333333,17700,NA,NA,NA,23800,26500,16000,23800
"247","양반 구운 김밥김",1500,1350,2369.47368421053,NA,NA,2516.35445362718,1600,1996.66666666667,NA,2980,2150
"248","양반 들기름이 그윽한 김",NA,5044.56953642384,5954,NA,6000,4945.20642201835,NA,5027.05882352941,NA,NA,5400
"249","양배추",NA,2900,2480,3082.5,NA,3990,NA,3124.81751824818,4015,2642.44444444444,NA
"250","양송이버섯",NA,2626.66666666667,2640,1989,NA,2993,NA,1570.53225806452,2308.66666666667,1975.36842105263,NA
"251","양조간장 501",4600,4600,4098,4253.33333333333,4880,2502.73394495413,4800,4761.51515151515,4640,4100,4530.66666666667
"252","양파(껍질 있는 망포장, 1500g)",NA,3276.28571428571,2780,2962,NA,3966,NA,2683.73076923077,3424.83333333333,3001.52941176471,4500
"253","어드밴스 캐비티(블루) 120g*3입",NA,NA,8900,NA,NA,5884.21100917431,NA,8400,3950,8900,6774.33333333333
"254","어드밴스 캐비티(블루)120g",NA,2700,NA,NA,NA,NA,NA,2480,NA,NA,3000
"255","에프킬라 에어로졸 무향(500ml)",7500,6101.97368421053,4526.66666666667,5900,NA,NA,7500,4928.94736842105,NA,5103.79746835443,5900
"256","엔제리너스 카페모카",NA,1850,1600,NA,NA,NA,2200,1736.36363636364,1800,NA,1800
"257","엘라스틴 마린콜라겐 탱글볼륨 샴푸",NA,9900,6732,NA,5100,5885.97247706422,NA,7233.65853658537,9900,NA,5720
"258","엘라스틴 맥시마이징 볼륨 샴푸",NA,11480,6425,NA,NA,NA,NA,10286.6666666667,4950,NA,13000
"259","엘라스틴 맥시마이징 볼륨 컨디셔너",NA,NA,NA,NA,NA,NA,NA,NA,8725,NA,13000
"260","영진 구론산 바몬드 오리지날(150ml*10병)",10000,7377.74671052632,8561.90476190476,NA,NA,8009.17431192661,10000,8513.08641975309,NA,9781.73515981735,8940
"261","영진 구론산 바몬드 오리지날(150ml,단품)",1000,1099.34210526316,707,NA,NA,800.917431192661,1000,912.826086956522,NA,NA,720
"262","옛날국수소면",3300,2766.03618421053,2600,NA,NA,2689.59633027523,3350,2698,2595.45454545455,2580,2560
"263","옛날당면",3850,5707.5,4580,NA,NA,5978.25688073394,4200,5170.67415730337,5800,NA,5600
"264","오뚜기 3분 백세카레 약간 매운맛",2400,2550,1780,NA,NA,NA,NA,2490.56603773585,2374.5,1980,2351.33333333333
"265","오뚜기 꽁치",2500,4980,4480,NA,NA,4987.06422018349,NA,4893.46153846154,3494.28571428571,NA,5170
"266","오뚜기 맛있는 북어국(34g)",2800,2402.63157894737,1950,NA,NA,3184.67889908257,2500,2400.57553956835,2200,NA,2150
"267","오뚜기 맛있는 쇠고기미역국밥(162g)",NA,3403.28947368421,2500.66666666667,NA,NA,2587.35779816514,3900,2876.47058823529,3430,NA,2831.2
"268","오뚜기 맛있는밥",1850,1519.73684210526,1165.71428571429,NA,NA,NA,1850,1170.78125,1828.57142857143,NA,1310
"269","오뚜기 사과식초",1950,2800,2444.66666666667,NA,NA,2993.15596330275,1700,2621.328125,2397.77777777778,2500,2500
"270","오뚜기 새송이 쇠고기죽(285g)",3900,2787.36842105263,2060,NA,NA,2091.10192837466,3200,2594.18918918919,2695,NA,2190
"271","오뚜기 식물성 마아가린(200g)",1750,NA,2157.77777777778,NA,NA,NA,NA,2113.1067961165,2050,NA,2000
"272","오뚜기 옛날 사골곰탕 국물(350g)",1500,1151.52960526316,971,NA,NA,1352.25688073394,1500,1050.1,1100,980,1144.33333333333
"273","오뚜기 옛날 육개장(300g)",1500,1280,990,NA,NA,1091.83486238532,NA,1090.67307692308,1315,980,1280
"274","오뚜기 우리쌀 떡국떡(600g)",NA,NA,3895,NA,NA,NA,NA,4243.33333333333,5203.33333333333,NA,4370
"275","오뚜기 전복죽(285g)",3500,2786.05263157895,2046.66666666667,NA,NA,2486.01834862385,3900,2761.91780821918,2750,NA,2440
"276","오뚜기 제육덮밥(280g)",4500,3486.71052631579,2480,NA,NA,2589.26605504587,3500,2860.89285714286,2725,3390,2834.28571428571
"277","오뚜기 참깨라면(컵라면)(110g)",1400,1051.94078947368,922,NA,NA,1184.39449541284,1400,1108.7610619469,985.555555555556,1000,1180
"278","오뚜기 찹쌀 왕만두피(300g)",1600,1500,1491.05263157895,NA,NA,NA,1800,1541,1915,1600,1700
"279","오뚜기 크림스프",2000,1701.97368421053,1486,NA,NA,1603.98165137615,2000,1720.51470588235,1507.27272727273,1479.70037453184,1650
"280","오뚜기부침가루(1kg)",NA,2350,2154.33333333333,NA,NA,2891.28440366972,1650,2391.9298245614,2581.25,2680,3080
"281","오뚜기식용유(콩100%)",NA,5465,4150.33333333333,2980,NA,NA,NA,4168.83495145631,4663,NA,4480
"282","오뚜기카레 순한맛",1400,1979.14473684211,1570.33333333333,NA,NA,1691.69724770642,2300,1896.07142857143,1960,1850,1913.66666666667
"283","오뚜기황도",2800,1766.80921052632,1886,NA,NA,1987.98165137615,3500,2198.28571428571,2192.72727272727,1980,1950
"284","오랄비 크로스액션(35모)(3개입)",NA,6078.14569536424,11242.2222222222,11900,NA,NA,NA,7966.66666666667,10500,11900,10900
"285","오리온 초코파이(39g*18개입)",NA,5760,5833.33333333333,5751.11111111111,NA,NA,6000,5794.28571428571,6480,5760,6500
"286","오리온 통아몬드(90g)",2000,813.157894736842,1605,1580,NA,1986.88990825688,2000,1502.26666666667,1600,1580,1800
"287","오리온 포카칩 오리지날(66g)",1500,1500,1205,1091.11111111111,1400,1312.70642201835,1500,1256.97674418605,1264.28571428571,1170,1350
"288","오리온 핫브레이크 미니(714g)",NA,10800,NA,11180,NA,NA,NA,10800,NA,10800,NA
"289","오리지널 요플레(4개묶음)",3200,2801.31578947368,2800,2770,NA,2800.91743119266,3600,2828.82882882883,2700,2780,2800
"290","오비라거 6캔",12000,9926.25820568928,8664,NA,NA,NA,12900,9489.47368421053,NA,NA,10500
"291","오비라거(단품)",2000,1654.37636761488,1445,NA,NA,NA,2150,1591.66666666667,NA,NA,1750
"292","오이(백다다기)",NA,999.666666666667,743,997.25,NA,889,NA,670.73275862069,NA,912.210526315789,1150
"293","오징어(냉동, 200~300g)",NA,2906.66666666667,5450,NA,NA,2502.43574051408,NA,3892.76,4450,4085,NA
"294","오징어(생물, 200~300g)",NA,3667,3625,3740,NA,3891.84371184371,NA,3774.07216494845,5799.85714285714,4255,5250
"295","옥수수 마가린(200g)",1750,1983.42105263158,2157,1990,NA,NA,2500,2086.35593220339,1988.57142857143,NA,2000
"296","옥수수 보노콘스프",3500,2936.23355263158,2850,NA,NA,3394.04587155963,3500,3057.30769230769,3200,2562.84090909091,2500
"297","옥수수수염차",1300,952.302631578947,999,NA,NA,NA,1300,996.236559139785,1200,NA,1300
"298","올에이 중형 고무장갑",NA,2980,2288.88888888889,NA,NA,2999.29357798165,2800,2211.61290322581,2950,NA,1470
"299","웰빙 다시다 산들애 국내산해물",6990,9200,8403,NA,NA,NA,NA,9049.54545454545,8100,7980,7800
"300","위청수(단품)",500,495.973154362416,NA,NA,NA,NA,800,562.5,NA,NA,NA
"301","유한락스 레귤러(1.5L)",NA,NA,NA,3160,NA,NA,NA,4090.66666666667,NA,NA,NA
"302","유한락스 후레쉬(2L)",NA,5200,4530,4530,NA,5085.22935779817,NA,5476.55737704918,3800,NA,5080
"303","의성 마늘 프랑크(350g)",5900,7000,6278.66666666667,5380,NA,NA,7000,6705,NA,5380,5300
"304","이금기 팬더 굴소스(255g)",3400,2439.34210526316,2130,NA,NA,2990.03669724771,2800,2811.01851851852,2712.5,2480,2850
"305","이오 20s (3개묶음)",3000,3000,3000,NA,NA,NA,3000,3000,3000,NA,3000
"306","임페리얼 드림 XO 3단계",NA,27599.3421052632,27500,21800,28880,27508.2568807339,NA,27542.1052631579,27500,19800,28500
"307","자연의 시작 불가리스 사과 (4개묶음)",5600,4763.81578947368,4980,4980,NA,5004.25688073394,5600,5224.16,4837.33333333333,4980,4780
"308","자연퐁 솔잎향 세균설거지(용기)",NA,6980,5796,NA,NA,5001.92660550459,NA,6589.23728813559,6575,NA,6250
"309","잘풀리는집 보습미용티슈",11100,NA,9791.11111111111,NA,NA,NA,NA,11496.6666666667,NA,NA,10400
"310","적상추",NA,1990,1520,2299.66666666667,NA,1914.5,NA,1219.9595959596,2636,1642.05555555556,NA
"311","제일제면소 소면(900g)",NA,2506.49006622517,2482,NA,NA,3494.11009174312,NA,3178.47826086957,2820,2480,2716
"312","좋은느낌 좋은순면(울트라 날개 중형,36개입)",NA,11900,9100,NA,NA,12683.4495412844,NA,10830.7692307692,13400,11800,11400
"313","좋은느낌(울트라슬림 에어핏쿠션 날개 중형,36개입)",NA,10700,9580,10750,9300,9690.95412844037,NA,10493.3333333333,11200,10900,11200
"314","지퍼락 지퍼백(중)",2800,2180,1930,NA,NA,NA,2000,2018.33333333333,3000,NA,2180
"315","진간장 금F3",4800,5954.27631578947,5493.33333333333,5482,6380,6293.78899082569,4800,6193.60655737705,6080,5480,6080
"316","진라면(순한맛) 5개입",4100,3141.74342105263,2663.33333333333,3100,3500,3010.33944954128,4100,2976.95364238411,2942,2917.01886792453,3063.33333333333
"317","진한참기름(CJ)",6600,7280,6600,6600,7300,NA,NA,5881.21212121212,7135,4380,7300
"318","쪽파(흙쪽파)",NA,1513,NA,NA,NA,1663,NA,855.368421052632,NA,1039,1875
"319","찬마루 김밥 단무지",2600,2850,2897,NA,NA,2887.65567765568,2600,2893.6,2390,NA,2980
"320","참이슬 클래식",1800,1352.96052631579,1300,NA,NA,1364.61467889908,1800,1418.22429906542,1440,1280,1356.45161290323
"321","참이슬 후레쉬",1800,1352.96052631579,1300,1280,1471.42857142857,1364.61921527472,1800,1419.31972789116,1443.33333333333,1280,1356.45161290323
"322","참작 참잘만든 슬라이스햄",4350,4150,4680,NA,NA,NA,NA,4343.33333333333,5700,NA,4627
"323","참조기(200~400g)",NA,NA,1980,1280,NA,1290,NA,1596.17391304348,NA,1641.25,NA
"324","참진한 참기름(해표)",NA,6665.46052631579,11550,NA,NA,NA,NA,9242.85714285714,NA,NA,9980
"325","참크래커",NA,3358.7417218543,2813.79310344828,3360,NA,3688.66055045872,NA,3324,3360,3360,3606.66666666667
"326","참프레 동물복지 닭백숙(1.1kg)",NA,NA,NA,NA,NA,7990,NA,NA,NA,NA,10300
"327","챕스틱 딸기(4.2g)",3700,3500,3200,NA,NA,NA,3700,3400,NA,NA,3500
"328","처음처럼",1800,1352.96052631579,1300,1280,1476.66666666667,1364.61467889908,1800,1410.64814814815,1471.42857142857,1280,1356.45161290323
"329","청정원 순창 쌈장",3000,3254.30463576159,2624.33333333333,4200,2500,2897.97247706422,3300,2707.23214285714,3427.14285714286,4200,3024.66666666667
"330","청정원 신안섬보배 천일염 가는소금(500g)",NA,2973.22368421053,2019.16666666667,NA,NA,NA,NA,2616.5625,2275,2200,2300
"331","청정원 옛날식 짜장(180g)",NA,1502.63157894737,1516,NA,NA,NA,1800,1612.52873563218,1500,1145.71428571429,1460
"332","청정원 우리쌀 크림스프",NA,1650,1200,NA,NA,NA,NA,1283.29787234043,1200,NA,1080
"333","청정원 제주모슬포 멸치액젓(618ml)",NA,NA,5500,NA,NA,NA,NA,5790.90909090909,5800,5500,5800
"334","청정원 진한 토마토 케찹",NA,2080,NA,NA,NA,NA,NA,2220.88235294118,NA,1980,NA
"335","청정원 카레여왕 구운마늘&양파(108g)",NA,3505.92105263158,2604,NA,NA,2291.10091743119,NA,3048.65853658537,2731.53846153846,2580,2480.33333333333
"336","청정원 카레여왕 비프카레(160g)",NA,1984.73684210526,1967,NA,NA,NA,NA,2150.71428571429,2000,NA,1986
"337","청정원 프리미엄 굴소스(260g)",4600,3260.52631578947,3988,NA,NA,4251.90825688073,NA,4194.63636363636,4300,4100,4300
"338","초정탄산수 레몬(500ml)",NA,NA,1170,NA,NA,NA,NA,1357,NA,890,NA
"339","치즈명장 드빈치 체다슬라이스 치즈(200g)",NA,3700,3150,NA,NA,NA,NA,3691.51515151515,3746.15384615385,NA,3700
"340","치즈명장 드빈치 체다슬라이스 치즈(300g)",6200,3072.84768211921,3950,NA,NA,NA,NA,4808.88888888889,5145.71428571429,NA,4200
"341","칠성사이다(1.8L)",NA,2543.14569536424,2423.33333333333,2180,NA,1783.32110091743,NA,2519.23076923077,2000,2280,NA
"342","칩포테이토 오리지날",1500,1096.31578947368,1110.66666666667,NA,NA,1305.61467889908,1500,1200.33898305085,1326.42857142857,NA,1193
"343","카스 프레시 6캔",12000,9258.15789473684,8166,8220,10800,9263.33944954128,12000,9376.69172932331,10080,8220,10500
"344","카스 프레시(단품 500ml)",2700,2103.94736842105,1860,1880,2428.33333333333,2104.39449541284,2700,2178.75,2257.14285714286,1880,2400
"345","칸타타 원두커피 프리미엄 블렌드(275ml)",2200,2001.31578947368,1201,NA,NA,1152.38532110092,2200,1379.13043478261,1794,1381.50943396226,1420
"346","컨피던스",1500,705.263157894737,900,NA,NA,NA,1200,770.689655172414,NA,NA,700
"347","컴배트 스피드 에어졸(500ml)",NA,6100,5200,5200,NA,5198.45871559633,6100,4839.56043956044,4725,5200,4560
"348","케라시스 러블리 로맨틱 퍼퓸 샴푸",NA,13500,6750,NA,NA,5948.36257309942,9900,11479.5454545455,12471.4285714286,NA,13500
"349","켈로그 레드베리 에너지바(25g*4개입)",NA,3980,3753.33333333333,NA,NA,4000,NA,3986.66666666667,4000,3980,NA
"350","켈로그 콘푸로스트(600g)",3000,5808.89802631579,4333.33333333333,4191.11111111111,NA,6373.87155963303,6800,4922.95454545455,6818,4180,6550
"351","코카콜라(1.8L)",NA,NA,2629,2300,NA,3138.22935779816,NA,2757.14285714286,1780,3300,2900
"352","쿠킹호일(20cm x 30m)(삼아)",NA,NA,NA,NA,NA,NA,NA,3500,NA,NA,NA
"353","쿠킹호일(25cm x 30m)(삼아)",NA,3506.31578947368,4010,NA,NA,NA,NA,4230,NA,NA,5500
"354","큐원 영양강화밀가루(1kg)",NA,1480,1395,NA,NA,1490.77064220183,2600,1451.15384615385,NA,NA,1680
"355","크리넥스 데코 앤 소프트 3겹",NA,NA,NA,21900,22900,NA,NA,29750,22900,NA,NA
"356","크리넥스 디럭스(갤러리) 250매X3개입",9000,8000,7306.66666666667,NA,NA,7889.83486238532,NA,8327.27272727273,8100,NA,7920
"357","크리넥스 수앤수(캡형,70매*6개입)",NA,11900,10700,NA,NA,NA,NA,11566.6666666667,13865,12900,11100
"358","크린랩(22cm x 50m)",4250,4685.46052631579,4527,4680,NA,3751.37614678899,3870,4163.08333333333,5107.69230769231,4680,4246.66666666667
"359","크린랩(30cm x 50m)",NA,6182.17105263158,6154.44444444444,6380,NA,6754.52293577982,5470,5585.03703703704,7042.85714285714,6380,5603.33333333333
"360","크린랩_고무장갑(중) (묶음)",NA,NA,NA,5280,NA,NA,NA,NA,NA,5274.04511278196,NA
"361","크린백",1600,3094.07894736842,2980,NA,NA,2986.88073394495,2290,2740.94827586207,3256.66666666667,NA,2720
"362","크린지퍼백",NA,2834.47368421053,2518,NA,NA,2574.66972477064,1510,2420.10526315789,2806.25,NA,2266.66666666667
"363","테크 (가루,리필형,4kg)",NA,10951.9736842105,19300,NA,NA,NA,17900,14151.6666666667,NA,NA,25000
"364","테크 UP(액체,일반용,3L)",15200,17900,13900,NA,NA,10410.5871559633,NA,12082.6086956522,9900,NA,11090
"365","테크 산소크린(1.4kg*2개입)",NA,NA,13500,NA,NA,NA,NA,19500,NA,NA,NA
"366","토마토케찹(오뚜기)",3000,2604.60526315789,2177.66666666667,2200,2700,2712.18348623853,3300,2442.14765100671,2094.44444444444,2331.88976377953,2350
"367","투게더 바닐라맛",7000,6503.28947368421,5500,5490,NA,6972.70642201835,7000,5505.30973451327,NA,NA,5366.66666666667
"368","트레비 레몬(500ml)",1800,1203.94736842105,1063,NA,NA,1500,1800,1108.82882882883,1290.90909090909,1080,1090
"369","파스퇴르우유 후레쉬(930ml)",2750,3032.84768211921,3400,3400,NA,3494.03669724771,3300,3245.83333333333,3400,3380,3400
"370","파워에이드 마운틴블라스트(520ml)",2000,1512.36842105263,1317,NA,NA,NA,2000,1559.24369747899,1758.33333333333,NA,1430
"371","팔도 왕뚜껑(110g)",1150,951.151315789474,990,NA,NA,1092.78899082569,1125,1034.33823529412,1150,858.294573643411,1150
"372","팬틴 바운시 볼륨케어 컨디셔닝 린스",NA,NA,6200,NA,NA,NA,NA,12400,13000,NA,12400
"373","퍼실 파워젤(액체,드럼용,2.7L)",NA,17223.0132450331,21600,15900,15328.5714285714,15912.9266055046,21800,18727.7777777778,19438.4615384615,18887.2180451128,21950
"374","퍼실 파워젤(액체,일반용,2.7L)",NA,17233.2781456954,21600,NA,NA,15914.8440366972,NA,18727.7777777778,19438.4615384615,18887.2180451128,21950
"375","페리오 캐비티케어(묶음)",NA,5536.62251655629,NA,NA,NA,6496.28846609567,NA,5480,6450,10900,6270
"376","페리오 클링스 아이스민트 120GX3",NA,7900,7900,NA,NA,NA,NA,7900,7900,NA,7900
"377","페리오 토탈 360(4개입)",NA,NA,NA,NA,NA,NA,NA,NA,8900,NA,NA
"378","페브리즈 깨끗한 무향(370)",5900,NA,5400,NA,NA,NA,6450,3825,5414.28571428571,NA,5400
"379","페브리즈 깨끗한 무향(900)",NA,9900,10000,NA,NA,NA,NA,9901.66666666667,10600,NA,9900
"380","페이스선블럭 화이트닝",18000,11859.2105263158,8900,NA,NA,NA,14500,13366.6666666667,NA,NA,16500
"381","펩시콜라(1.8L)",NA,2800,2580,2180,NA,NA,NA,2800,1980,2480,2500
"382","포스트 콘푸라이트(600g)",5950,6313.55263157895,4437.5,3980,7250,5352.23853211009,6000,4571.86274509804,6700,NA,6300
"383","포카리스웨트(620ml)",2300,1852.96052631579,1740,NA,NA,NA,2300,1630.86956521739,1350,NA,1750
"384","푸드림 하얀설탕",NA,1450,1434,NA,NA,NA,NA,1518.26086956522,NA,NA,NA
"385","풀무원 국산콩두부(찌개용)(380g)",NA,2750,4414.28571428571,4500,NA,NA,NA,3083.33333333333,NA,4500,NA
"386","풀무원 동물복지 목초란(대란 10개)",NA,8935,NA,NA,6980,NA,NA,8935,6605,NA,6980
"387","풀무원 새콤달콤 유부(330g)",5000,4488.80794701987,4412,NA,NA,4125.4128440367,NA,4414.44444444444,4900,4196,4241.33333333333
"388","풀무원 생가득 가쓰오 우동(4인분)",NA,NA,7460,NA,NA,NA,NA,7253.33333333333,7005.71428571429,7980,7794
"389","풋고추",NA,1085.71428571429,NA,1421.75,NA,1163,NA,768.483870967742,1324.5,1201.1875,NA
"390","퓨어가닉허브로션",NA,NA,NA,NA,NA,NA,NA,26900,NA,NA,NA
"391","프레시안 주부초밥왕(320g)",4500,4680,4380,NA,NA,NA,NA,4580,4200,NA,4500
"392","프레시안삼호부산어묵",1810,2180,2043.33333333333,2080,1980,2292.47706422018,NA,2220.625,2022,NA,2000
"393","프렌치까페믹스",NA,21300,23866.6666666667,27000,NA,NA,26900,22710,25300,NA,27900
"394","프리미엄 산양분유 1단계(800g)",NA,54900,49500,37315,NA,54877.9816513761,NA,54165,52200,43900,49500
"395","피죤 습기제로(8개입)",NA,9900,9700,NA,NA,NA,NA,9700,8900,NA,9900
"396","피죤 용기 옐로미모사(3.1L일반/드럼겸용)",NA,6341.77152317881,4490,NA,NA,NA,NA,5150,4200,NA,4670
"397","하기스 매직핏팬티 4단계 여아용 40매",NA,23500,19700,NA,NA,16766.9266055046,NA,23500,NA,NA,23500
"398","하기스 프리미어 플러스 남아용 대형(60매 4단계)",NA,26771.5231788079,29900,NA,NA,NA,NA,25244.4444444444,NA,NA,NA
"399","하림 자연실록백숙 830g",NA,9800,NA,NA,NA,NA,NA,9800,8700,NA,8800
"400","하림 토종닭백숙(1050g)",NA,12500.6578947368,NA,NA,NA,11784.7889908257,NA,11837.5,13234,10938.7155963303,8750
"401","하선정 멸치액젓(658ml)",3200,4966.71052631579,4740,NA,NA,5479.03669724771,NA,5058.2,4898,4780,4600
"402","하선정 숯 김밥단무지",NA,NA,2503.33333333333,2180,NA,NA,NA,2485,NA,NA,3000
"403","하이드로5 면도날",NA,17900,14233.3333333333,NA,NA,11890.8165137615,NA,16677.7777777778,NA,NA,15600
"404","하이트 엑스트라콜드(6캔)",12000,9258.15789473684,8166,8220,10200,9255.4128440367,12000,9082.17821782178,9480,8220,10210
"405","하이트 엑스트라콜드(단품)",2000,1543.02631578947,1361.25,1880,1700,1542.56880733945,2000,1558.57142857143,1580,NA,1700
"406","항균트리오",3700,NA,2969,NA,NA,NA,NA,2537.28395061728,3470,NA,3650
"407","해찬들 사계절 쌈장",4000,4358.94736842105,2183.33333333333,4320,2500,2894.95412844037,4000,2920.38461538462,3654.54545454545,4311.75572519084,2724
"408","해찬들 우리쌀태양초골드",NA,14011.7880794702,12446.6666666667,15108.8888888889,9100,12451.4220183486,11300,12150.8,12440,15990.1132075472,17010
"409","해찬들 재래식 된장",5100,6293.97350993377,5627.66666666667,7300,4500,7963.21100917431,3000,6871.53225806452,6346.15384615385,7300,4940
"410","해태 바밤바(63ml,단품)",1000,801.315789473684,414.285714285714,NA,NA,499.174311926606,1000,514.202898550725,NA,400,700
"411","해태 부라보콘 화이트바닐라(140ml,단품)",1500,990,891.666666666667,NA,NA,800.321100917431,NA,922.337662337662,NA,800,1250
"412","해태 오예스(28g*12개입)",4800,3840,3840,NA,NA,NA,4800,3833.93939393939,3490,NA,4320
"413","해태 자유시간(36g*5개입)",2970,4000,NA,3980,NA,NA,NA,4000,NA,3980,4500
"414","해태 자유시간(36g,단품)",1000,801.315789473684,693.333333333333,NA,NA,922.605504587156,1000,830,NA,800,892.592592592593
"415","해태 찹쌀 왕만두피(360g)",NA,2180,1852,NA,NA,NA,3000,2359.75609756098,NA,2180,1800
"416","해태아이스쿨",5000,3980,4043.33333333333,NA,NA,NA,5000,4011.66666666667,NA,NA,4500
"417","해표 꽃소금",1100,NA,1160,NA,NA,1502.12844036697,NA,1617.80487804878,NA,NA,1650
"418","해표 순창 궁 발아콩 12가지 양념쌈장",NA,1980,2328,NA,NA,NA,NA,2508.85714285714,NA,3400,4100
"419","해표 순창궁 태양초 100% 우리햅쌀 고추장(1800g)",NA,NA,NA,NA,NA,18959.0825688073,NA,NA,NA,NA,NA
"420","해피바스 내추럴24핸드크림",8000,NA,8000,NA,NA,NA,8000,8250,NA,NA,NA
"421","해피바스 로즈에센스 로맨틱 바디워시",NA,NA,NA,NA,NA,NA,NA,11015,13600,NA,14000
"422","해피바스 솝베리 클렌징 폼(175g)",11000,6101.31578947368,11000,4450,NA,6921.39449541284,11000,8294.11764705882,NA,11000,5900
"423","해피바스 항균 레몬그라스 핸드워시",NA,4406.68874172185,4400,NA,NA,NA,NA,4246.66666666667,3240,NA,4600
"424","해피바스 허브 라벤더 아로마 바",NA,4019.20529801324,4558.33333333333,NA,NA,3956.97247706422,NA,5066.25,5750,3950,4323.33333333333
"425","햇바삭김 김밥김",NA,2586.05263157895,2647.77777777778,NA,NA,3276.88073394495,NA,2440.14705882353,NA,1980,2720
"426","햇반(엄마가해주신밥 6+2개입)",12900,9052.17105263158,8657.33333333333,7980,NA,NA,11900,8980,12000,NA,11600
"427","햇반(엄마가해주신밥 단품)",1950,1701.64473684211,1651.42857142857,1666.66666666667,1680,1801.23853211009,1950,1548.48484848485,1975.38461538462,1184.98113207547,2110
"428","행복한콩 노릇하게잘구워지는 부침두부",1600,1399.96710526316,1266.66666666667,1280,1400,1690,1600,1147.25,1421.42857142857,NA,1830
"429","행복한콩 양념이잘배는 찌개두부",1500,1300.29605263158,1200,NA,NA,1690,1500,1129.64705882353,1391.42857142857,1100,1730
"430","허니버터 아몬드(250g)",NA,NA,7786.66666666667,NA,NA,4990,8800,7280,7800,NA,NA
"431","홈스타 곰팡이 싹",4900,5354.6052631579,4900,NA,NA,2843.94495412844,3900,5233.33333333333,6500,NA,3850
"432","홈스타 제습과 방충을 한번에",NA,4800,4125,NA,NA,NA,NA,4575,4500,NA,4500
"433","홈스타 향락스(1L)",NA,3000,2250,NA,NA,NA,2200,2968.15789473684,2250,NA,2360.52631578947
"434","홈키파 수성 에어졸(500ml)",7000,5913.81578947368,5388.88888888889,5500,NA,NA,7000,5076.92307692308,5200,5500,4900
"435","화이트 NEW시크릿홀 울트라 날개 중형",NA,9900,8900,7900,NA,8898.34862385321,NA,10402.380952381,10390,9900,9130
"436","후레쉬랩(25cm x 50m)(3M)",NA,NA,3916.66666666667,NA,NA,NA,NA,3825,3900,NA,4015
