,  매매지수 동향,,,,,,,,,,,,,
,서울 Seoul,,부산  Busan,,대구  Daegu,,인천  Incheon,,광주  Gwangju,,대전  Daejeon,,울산  Ulsan,
,활발함,한산함,활발함,한산함,활발함,한산함,활발함,한산함,활발함,한산함,활발함,한산함,활발함,한산함
,Active,Inactive,Active,Inactive,Active,Inactive,Active,Inactive,Active,Inactive,Active,Inactive,Active,Inactive
2008-04-07,2.0 ,73.5 ,1.3 ,78.3 ,0.9 ,90.9 ,4.2 ,53.8 ,3.3 ,85.8 ,1.8 ,84.8 ,0.0 ,81.6 
2008-04-14,2.1 ,73.1 ,0.8 ,75.1 ,1.1 ,89.5 ,2.4 ,56.1 ,0.9 ,89.8 ,0.8 ,82.8 ,0.0 ,78.4 
2008-04-21,1.7 ,74.6 ,0.0 ,70.0 ,0.5 ,92.1 ,3.0 ,57.3 ,1.9 ,91.9 ,0.8 ,82.3 ,3.2 ,81.6 
2008-04-28,1.0 ,80.2 ,0.0 ,73.6 ,0.0 ,94.6 ,1.9 ,59.0 ,2.8 ,89.4 ,0.0 ,83.5 ,0.0 ,86.8 
2008-05-05,0.7 ,80.6 ,1.1 ,75.1 ,0.6 ,95.2 ,4.0 ,64.2 ,0.9 ,92.3 ,2.9 ,82.6 ,0.0 ,85.4 
2008-05-12,0.7 ,84.6 ,0.0 ,79.9 ,0.0 ,93.7 ,1.5 ,59.3 ,1.9 ,90.1 ,0.0 ,85.1 ,0.0 ,85.7 
2008-05-19,0.7 ,84.1 ,0.5 ,79.6 ,0.0 ,95.1 ,2.8 ,65.3 ,0.9 ,93.6 ,0.0 ,79.4 ,0.0 ,89.5 
2008-05-26,0.7 ,85.6 ,0.9 ,83.6 ,0.0 ,96.3 ,4.2 ,68.3 ,1.9 ,89.6 ,0.0 ,84.9 ,1.2 ,86.3 
2008-06-02,0.6 ,85.9 ,1.0 ,80.4 ,0.0 ,96.9 ,5.1 ,64.2 ,2.3 ,91.4 ,0.8 ,84.6 ,0.0 ,89.0 
2008-06-09,0.8 ,88.2 ,0.5 ,81.5 ,0.0 ,95.8 ,4.0 ,62.2 ,0.9 ,95.9 ,1.6 ,83.1 ,0.0 ,90.5 
2008-06-16,0.0 ,90.0 ,0.5 ,80.1 ,0.0 ,91.2 ,5.2 ,68.0 ,0.0 ,91.4 ,0.0 ,86.8 ,0.0 ,89.2 
2008-06-23,0.1 ,91.7 ,0.8 ,78.7 ,0.0 ,95.3 ,3.1 ,61.3 ,0.0 ,97.3 ,0.0 ,86.8 ,0.0 ,92.7 
2008-06-30,0.5 ,91.3 ,1.3 ,78.7 ,0.0 ,95.7 ,3.6 ,62.4 ,0.0 ,89.0 ,0.0 ,84.5 ,0.0 ,94.9 
2008-07-07,0.2 ,92.6 ,0.0 ,86.0 ,0.0 ,96.2 ,2.2 ,68.4 ,0.0 ,94.6 ,0.9 ,86.6 ,0.0 ,93.9 
2008-07-14,0.2 ,93.6 ,0.5 ,84.9 ,0.0 ,96.1 ,1.6 ,76.5 ,1.4 ,91.9 ,0.0 ,85.2 ,0.0 ,97.3 
2008-07-21,0.2 ,95.0 ,0.6 ,88.2 ,0.2 ,97.8 ,1.2 ,78.4 ,0.0 ,90.1 ,1.8 ,87.7 ,0.0 ,95.1 
2008-07-28,0.6 ,96.1 ,0.0 ,89.2 ,0.0 ,99.0 ,1.4 ,78.0 ,0.0 ,94.2 ,0.0 ,88.8 ,0.0 ,96.1 
2008-08-04,0.3 ,96.8 ,0.5 ,91.8 ,0.0 ,97.2 ,0.5 ,87.2 ,0.0 ,92.7 ,0.0 ,90.0 ,0.0 ,98.5 
2008-08-11,0.2 ,96.7 ,0.0 ,89.3 ,0.0 ,98.2 ,1.0 ,82.7 ,0.0 ,86.0 ,0.9 ,90.5 ,0.0 ,100.0 
2008-08-18,0.2 ,96.1 ,0.0 ,91.4 ,0.0 ,97.2 ,0.5 ,83.7 ,0.0 ,96.4 ,0.0 ,87.5 ,0.0 ,98.8 
2008-08-25,0.2 ,96.3 ,0.3 ,85.1 ,0.0 ,97.3 ,0.5 ,82.5 ,0.0 ,96.4 ,0.0 ,84.2 ,2.1 ,96.7 
2008-09-01,0.4 ,96.3 ,0.6 ,79.5 ,0.0 ,95.1 ,0.5 ,84.1 ,0.0 ,91.2 ,0.0 ,84.4 ,0.0 ,91.8 
2008-09-08,0.0 ,97.6 ,1.0 ,86.7 ,1.0 ,96.8 ,0.5 ,83.6 ,0.9 ,96.4 ,0.0 ,85.8 ,1.9 ,93.4 
2008-09-15,0.1 ,97.4 ,0.9 ,87.2 ,0.0 ,95.2 ,0.0 ,88.7 ,0.9 ,95.5 ,1.1 ,86.1 ,0.0 ,96.0 
2008-09-22,0.4 ,97.2 ,0.5 ,88.5 ,0.0 ,97.0 ,0.5 ,89.7 ,0.9 ,92.8 ,0.0 ,86.3 ,0.0 ,90.6 
2008-09-29,0.0 ,97.8 ,1.7 ,82.8 ,0.0 ,91.4 ,0.5 ,92.6 ,0.9 ,93.7 ,0.0 ,82.4 ,3.5 ,88.9 
2008-10-06,0.0 ,97.9 ,0.0 ,85.8 ,0.0 ,95.8 ,0.0 ,95.1 ,0.9 ,92.1 ,0.0 ,85.3 ,0.0 ,93.6 
2008-10-13,0.0 ,97.9 ,0.0 ,90.1 ,0.0 ,95.8 ,0.0 ,96.6 ,0.9 ,96.4 ,0.0 ,89.2 ,0.0 ,95.8 
2008-10-20,0.1 ,98.4 ,0.5 ,92.9 ,0.0 ,97.1 ,0.0 ,96.8 ,0.0 ,96.5 ,0.0 ,90.0 ,0.0 ,94.7 
2008-10-27,0.0 ,98.8 ,0.0 ,94.6 ,0.0 ,98.8 ,0.0 ,98.4 ,0.0 ,98.2 ,0.0 ,90.9 ,0.0 ,100.0 
2008-11-03,0.0 ,98.3 ,0.5 ,94.6 ,0.0 ,98.2 ,0.0 ,99.2 ,0.0 ,91.5 ,0.0 ,92.3 ,0.0 ,97.6 
2008-11-10,0.0 ,98.8 ,0.0 ,93.8 ,0.0 ,98.0 ,0.0 ,97.4 ,0.0 ,97.3 ,0.0 ,93.9 ,0.0 ,98.8 
2008-11-17,0.0 ,98.8 ,0.0 ,95.7 ,0.0 ,98.1 ,0.0 ,98.0 ,0.0 ,98.2 ,0.0 ,94.8 ,0.0 ,96.5 
2008-11-24,0.0 ,99.2 ,0.0 ,95.4 ,0.0 ,99.0 ,0.0 ,99.1 ,0.0 ,100.0 ,0.0 ,96.1 ,0.0 ,97.5 
2008-12-01,0.1 ,98.7 ,0.3 ,96.5 ,0.6 ,98.4 ,0.0 ,100.0 ,0.0 ,100.0 ,0.0 ,93.0 ,0.0 ,100.0 
2008-12-08,0.0 ,99.2 ,0.0 ,96.6 ,0.0 ,100.0 ,0.0 ,99.5 ,0.0 ,97.4 ,0.0 ,94.7 ,0.0 ,100.0 
2008-12-15,0.3 ,98.9 ,0.3 ,96.1 ,0.0 ,99.0 ,0.0 ,100.0 ,0.0 ,100.0 ,0.0 ,96.3 ,0.0 ,100.0 
2008-12-22,0.4 ,97.7 ,0.4 ,98.0 ,0.0 ,99.0 ,0.0 ,100.0 ,0.0 ,98.3 ,0.0 ,96.4 ,0.0 ,100.0 
2008-12-29,0.1 ,98.3 ,0.0 ,98.2 ,0.0 ,97.7 ,0.9 ,98.1 ,0.0 ,95.1 ,0.0 ,95.5 ,0.0 ,100.0 
2009-01-05,0.1 ,97.8 ,0.0 ,99.3 ,0.0 ,99.5 ,0.0 ,97.9 ,0.0 ,99.1 ,0.0 ,96.8 ,0.0 ,100.0 
2009-01-12,0.8 ,95.1 ,0.0 ,98.1 ,0.0 ,98.3 ,0.0 ,98.6 ,0.0 ,97.3 ,0.0 ,96.5 ,0.0 ,100.0 
2009-01-19,0.7 ,93.4 ,0.0 ,97.8 ,0.0 ,100.0 ,0.0 ,97.3 ,0.0 ,98.2 ,0.0 ,92.6 ,0.0 ,95.6 
2009-02-02,0.4 ,92.8 ,0.0 ,92.4 ,0.0 ,98.9 ,0.0 ,96.1 ,0.9 ,95.7 ,0.7 ,95.0 ,0.0 ,95.9 
2009-02-09,0.3 ,92.6 ,0.0 ,93.9 ,0.4 ,97.7 ,0.7 ,93.9 ,0.9 ,93.7 ,0.0 ,95.0 ,0.0 ,92.9 
2009-02-16,1.0 ,90.5 ,0.1 ,89.8 ,0.5 ,91.7 ,0.7 ,91.7 ,0.0 ,93.0 ,1.3 ,84.8 ,0.0 ,84.6 
2009-02-23,0.2 ,91.5 ,0.7 ,88.2 ,0.4 ,95.3 ,0.0 ,94.9 ,0.0 ,93.9 ,1.2 ,87.2 ,0.0 ,89.4 
2009-03-02,0.2 ,93.7 ,0.7 ,89.2 ,0.0 ,96.5 ,0.6 ,92.3 ,0.0 ,97.5 ,1.3 ,89.1 ,2.2 ,86.3 
2009-03-09,0.1 ,94.8 ,0.0 ,85.8 ,0.0 ,97.0 ,0.7 ,94.8 ,0.0 ,98.2 ,0.0 ,90.8 ,0.0 ,84.4 
2009-03-16,0.0 ,95.7 ,0.9 ,86.4 ,0.0 ,93.3 ,0.7 ,96.4 ,0.0 ,94.2 ,0.0 ,91.2 ,0.0 ,88.2 
2009-03-23,0.3 ,91.9 ,0.0 ,85.8 ,0.0 ,95.4 ,0.0 ,97.3 ,0.0 ,96.3 ,0.0 ,88.2 ,0.0 ,84.3 
2009-03-30,0.4 ,91.2 ,1.2 ,85.2 ,0.0 ,92.8 ,0.0 ,96.4 ,0.0 ,97.3 ,1.0 ,89.7 ,0.0 ,84.2 
2009-04-06,0.5 ,87.2 ,2.6 ,80.9 ,0.0 ,89.7 ,0.0 ,93.7 ,0.0 ,96.4 ,0.0 ,89.4 ,0.0 ,88.7 
2009-04-13,1.0 ,81.6 ,0.8 ,79.8 ,0.5 ,91.1 ,0.7 ,90.2 ,0.0 ,96.3 ,0.0 ,81.9 ,0.0 ,90.5 
2009-04-20,0.6 ,83.1 ,0.2 ,82.0 ,0.5 ,86.9 ,0.0 ,88.2 ,0.0 ,96.3 ,2.3 ,75.6 ,0.0 ,82.2 
2009-04-27,0.1 ,86.2 ,0.8 ,77.1 ,0.0 ,92.5 ,0.0 ,92.0 ,0.0 ,96.3 ,0.0 ,77.9 ,0.9 ,77.2 
2009-05-04,0.1 ,86.9 ,1.7 ,79.0 ,0.5 ,91.4 ,0.0 ,92.0 ,0.0 ,96.3 ,0.0 ,87.0 ,0.0 ,89.1 
2009-05-11,0.0 ,86.4 ,0.0 ,79.8 ,0.4 ,90.9 ,0.0 ,92.1 ,0.0 ,98.2 ,0.0 ,79.9 ,2.2 ,77.6 
2009-05-18,0.4 ,88.7 ,1.8 ,79.4 ,0.5 ,86.8 ,0.0 ,89.5 ,0.0 ,94.6 ,0.7 ,83.8 ,0.0 ,80.4 
2009-05-25,0.1 ,89.0 ,1.4 ,81.2 ,0.0 ,91.5 ,0.0 ,88.8 ,0.0 ,94.1 ,0.0 ,79.4 ,0.0 ,78.9 
2009-06-01,0.1 ,89.4 ,0.5 ,80.4 ,0.0 ,90.4 ,0.7 ,88.7 ,0.0 ,94.1 ,0.0 ,76.3 ,0.0 ,71.9 
2009-06-08,0.2 ,89.4 ,1.7 ,77.1 ,0.0 ,90.7 ,0.7 ,90.6 ,0.0 ,95.5 ,0.0 ,84.0 ,0.0 ,81.0 
2009-06-15,1.0 ,82.3 ,1.9 ,71.5 ,0.0 ,88.0 ,1.3 ,90.2 ,0.0 ,99.1 ,0.0 ,81.9 ,0.0 ,84.4 
2009-06-22,1.2 ,79.7 ,1.2 ,72.8 ,0.0 ,85.1 ,0.0 ,85.8 ,0.0 ,97.5 ,0.0 ,88.6 ,0.0 ,80.5 
2009-06-29,1.0 ,78.3 ,2.8 ,75.0 ,0.5 ,82.9 ,0.5 ,88.2 ,0.0 ,94.7 ,0.0 ,75.5 ,0.0 ,77.6 
2009-07-06,1.8 ,78.2 ,3.2 ,73.7 ,0.0 ,88.2 ,0.0 ,90.0 ,0.0 ,94.7 ,1.0 ,78.8 ,0.0 ,75.2 
2009-07-13,1.2 ,79.5 ,1.3 ,77.2 ,0.0 ,90.9 ,0.0 ,90.9 ,0.0 ,93.4 ,0.0 ,77.0 ,0.0 ,80.0 
2009-07-20,0.5 ,83.2 ,1.7 ,74.3 ,0.7 ,88.3 ,0.0 ,90.6 ,0.0 ,94.8 ,0.0 ,83.5 ,4.2 ,71.0 
2009-07-27,0.9 ,81.9 ,1.4 ,76.0 ,0.7 ,83.6 ,0.0 ,88.2 ,0.0 ,92.6 ,0.0 ,74.2 ,2.1 ,78.3 
2009-08-03,0.9 ,80.7 ,1.3 ,81.1 ,0.7 ,90.0 ,0.0 ,87.9 ,0.0 ,93.5 ,0.0 ,74.9 ,0.0 ,74.2 
2009-08-10,0.6 ,80.5 ,3.4 ,73.4 ,1.6 ,82.0 ,0.7 ,79.7 ,0.0 ,93.2 ,1.9 ,70.5 ,0.0 ,80.0 
2009-08-17,0.9 ,74.2 ,2.3 ,66.9 ,0.0 ,75.3 ,1.4 ,77.0 ,0.0 ,96.6 ,0.0 ,75.3 ,0.9 ,72.1 
2009-08-24,1.4 ,67.1 ,2.1 ,69.2 ,0.4 ,78.9 ,2.0 ,73.1 ,0.0 ,94.8 ,0.0 ,72.8 ,0.0 ,70.8 
2009-08-31,2.8 ,61.3 ,3.8 ,67.5 ,1.2 ,75.4 ,2.6 ,70.7 ,0.9 ,89.6 ,0.0 ,64.2 ,0.0 ,70.8 
2009-09-07,2.4 ,66.4 ,5.2 ,64.4 ,0.4 ,75.9 ,1.9 ,72.9 ,0.9 ,90.3 ,2.2 ,56.1 ,0.0 ,67.6 
2009-09-14,0.2 ,76.3 ,3.6 ,62.9 ,1.6 ,74.6 ,1.2 ,70.2 ,1.8 ,89.5 ,1.0 ,62.8 ,2.6 ,69.7 
2009-09-21,0.5 ,81.7 ,3.6 ,58.4 ,2.0 ,72.9 ,0.0 ,78.8 ,0.0 ,91.2 ,0.0 ,67.0 ,0.0 ,73.6 
2009-09-28,0.2 ,86.6 ,4.1 ,64.5 ,0.7 ,75.2 ,0.7 ,81.4 ,0.0 ,91.1 ,0.0 ,71.7 ,0.0 ,71.4 
2009-10-05,0.1 ,88.8 ,4.4 ,67.7 ,0.7 ,80.1 ,0.0 ,84.9 ,0.0 ,91.2 ,0.0 ,68.4 ,0.0 ,70.6 
2009-10-12,0.2 ,92.8 ,4.6 ,59.2 ,0.4 ,82.5 ,0.0 ,84.1 ,0.0 ,91.7 ,1.0 ,76.2 ,0.0 ,77.4 
2009-10-19,0.2 ,95.2 ,4.3 ,64.5 ,0.7 ,76.1 ,0.0 ,93.1 ,0.0 ,87.6 ,0.0 ,79.5 ,0.0 ,75.1 
2009-10-26,0.2 ,95.8 ,1.3 ,63.4 ,0.7 ,81.6 ,0.0 ,97.8 ,0.0 ,82.2 ,2.1 ,73.0 ,0.9 ,70.4 
2009-11-02,0.1 ,96.7 ,2.3 ,69.7 ,0.0 ,82.3 ,0.0 ,95.9 ,0.0 ,89.6 ,0.0 ,72.2 ,0.0 ,79.4 
2009-11-09,0.2 ,97.4 ,0.9 ,70.4 ,0.0 ,81.9 ,0.0 ,97.3 ,0.0 ,87.0 ,1.0 ,77.3 ,0.9 ,74.4 
2009-11-16,0.0 ,96.7 ,0.5 ,71.8 ,0.0 ,92.0 ,0.0 ,97.6 ,0.0 ,86.1 ,0.0 ,81.0 ,2.1 ,73.0 
2009-11-23,0.0 ,98.7 ,0.1 ,75.3 ,0.0 ,89.9 ,0.0 ,97.3 ,0.0 ,94.4 ,0.0 ,78.2 ,0.0 ,84.1 
2009-11-30,0.0 ,97.9 ,1.8 ,76.9 ,0.0 ,95.0 ,0.7 ,95.6 ,0.0 ,87.6 ,0.0 ,83.2 ,0.0 ,78.6 
2009-12-07,0.0 ,98.4 ,0.1 ,84.1 ,0.4 ,96.8 ,0.0 ,97.1 ,0.0 ,93.2 ,0.0 ,83.5 ,0.0 ,82.5 
2009-12-14,0.0 ,98.5 ,0.5 ,84.2 ,0.0 ,94.3 ,0.0 ,97.0 ,0.0 ,91.8 ,1.1 ,83.0 ,0.0 ,88.5 
2009-12-21,0.0 ,97.8 ,0.1 ,85.9 ,0.0 ,93.2 ,1.4 ,95.7 ,2.5 ,92.6 ,0.0 ,82.2 ,0.0 ,94.7 
2009-12-28,0.0 ,97.6 ,0.1 ,82.9 ,0.0 ,96.9 ,0.0 ,98.2 ,4.7 ,91.8 ,0.0 ,88.4 ,0.0 ,92.6 
2010-01-04,0.0 ,97.2 ,0.6 ,82.7 ,0.0 ,92.1 ,0.3 ,98.0 ,0.9 ,95.7 ,0.0 ,84.4 ,0.0 ,87.6 
2010-01-11,0.0 ,93.9 ,0.6 ,80.3 ,0.0 ,87.9 ,0.0 ,97.5 ,0.9 ,86.3 ,0.0 ,81.9 ,2.6 ,91.2 
2010-01-18,0.0 ,93.6 ,0.6 ,75.9 ,0.4 ,87.1 ,0.0 ,96.8 ,0.9 ,89.8 ,0.7 ,75.5 ,0.0 ,79.4 
2010-01-25,0.0 ,91.9 ,0.9 ,70.1 ,1.1 ,84.7 ,0.0 ,95.7 ,1.8 ,81.2 ,0.0 ,79.7 ,0.0 ,73.0 
2010-02-01,0.0 ,92.8 ,2.7 ,68.7 ,0.3 ,86.1 ,0.7 ,91.9 ,0.9 ,86.3 ,0.0 ,76.2 ,0.0 ,74.2 
2010-02-08,0.6 ,91.9 ,2.8 ,68.7 ,0.0 ,87.0 ,0.0 ,95.2 ,0.9 ,80.9 ,0.0 ,81.8 ,0.0 ,75.4 
2010-02-15,0.2 ,94.4 ,1.3 ,74.2 ,0.0 ,88.6 ,0.0 ,91.6 ,3.1 ,87.0 ,1.0 ,76.8 ,0.0 ,81.1 
2010-02-22,0.1 ,94.4 ,2.1 ,71.3 ,0.4 ,84.5 ,0.0 ,92.5 ,0.9 ,88.1 ,0.0 ,80.0 ,0.0 ,74.8 
2010-03-01,0.0 ,94.1 ,1.5 ,72.9 ,0.4 ,83.6 ,0.0 ,91.4 ,0.0 ,85.1 ,0.5 ,78.2 ,0.9 ,82.2 
2010-03-08,0.1 ,95.7 ,0.7 ,71.1 ,0.0 ,84.8 ,0.0 ,94.4 ,0.0 ,82.3 ,0.0 ,78.4 ,0.0 ,72.7 
2010-03-15,0.1 ,94.7 ,1.2 ,67.1 ,0.7 ,86.4 ,0.0 ,92.5 ,0.0 ,86.2 ,0.0 ,77.8 ,0.0 ,76.6 
2010-03-22,0.1 ,96.7 ,1.7 ,71.2 ,2.0 ,83.4 ,0.7 ,94.4 ,0.0 ,88.2 ,0.0 ,81.5 ,0.0 ,77.8 
2010-03-29,0.3 ,96.9 ,2.5 ,65.4 ,0.0 ,84.3 ,0.0 ,94.8 ,0.0 ,93.9 ,0.0 ,87.3 ,0.0 ,83.3 
2010-04-05,0.0 ,97.7 ,0.8 ,71.5 ,0.0 ,89.3 ,0.0 ,94.6 ,0.0 ,92.9 ,1.0 ,85.0 ,0.0 ,94.9 
2010-04-12,0.5 ,98.6 ,1.1 ,72.9 ,0.0 ,91.7 ,0.0 ,98.4 ,0.0 ,92.7 ,1.8 ,82.7 ,0.0 ,87.7 
2010-04-19,0.6 ,98.2 ,2.1 ,75.3 ,0.0 ,88.6 ,0.0 ,96.5 ,0.0 ,95.5 ,0.0 ,89.7 ,0.0 ,84.7 
2010-04-26,0.0 ,97.8 ,1.0 ,79.6 ,0.4 ,91.6 ,0.0 ,97.2 ,1.8 ,91.1 ,0.0 ,89.1 ,0.0 ,91.2 
2010-05-03,0.1 ,98.2 ,0.1 ,80.4 ,0.0 ,91.7 ,0.0 ,98.4 ,0.0 ,91.2 ,0.0 ,84.5 ,0.0 ,89.6 
2010-05-10,0.2 ,98.4 ,0.4 ,80.3 ,0.0 ,93.5 ,0.7 ,96.5 ,0.0 ,92.9 ,1.1 ,86.1 ,0.0 ,88.3 
2010-05-17,0.7 ,98.1 ,0.9 ,83.3 ,0.0 ,91.8 ,0.0 ,97.4 ,0.0 ,90.6 ,0.0 ,86.7 ,2.0 ,93.1 
2010-05-24,0.0 ,97.7 ,0.5 ,82.0 ,0.0 ,91.8 ,0.7 ,98.7 ,0.9 ,89.3 ,0.0 ,90.8 ,0.0 ,91.5 
2010-05-31,0.1 ,98.6 ,0.2 ,83.3 ,0.0 ,92.1 ,0.3 ,96.4 ,1.8 ,90.7 ,0.0 ,91.6 ,0.0 ,96.0 
2010-06-07,0.0 ,99.3 ,0.0 ,82.1 ,0.0 ,94.9 ,0.0 ,99.1 ,0.0 ,92.2 ,0.0 ,92.1 ,0.0 ,94.9 
2010-06-14,0.1 ,98.9 ,0.2 ,83.5 ,0.0 ,97.8 ,0.7 ,98.0 ,0.0 ,89.1 ,0.0 ,93.7 ,0.0 ,95.9 
2010-06-21,0.0 ,99.1 ,0.2 ,83.1 ,0.0 ,96.5 ,0.0 ,98.7 ,0.0 ,95.6 ,0.0 ,88.1 ,0.0 ,94.0 
2010-06-28,0.2 ,99.0 ,0.2 ,87.7 ,0.0 ,96.8 ,0.0 ,99.3 ,0.0 ,95.5 ,0.0 ,91.7 ,0.0 ,96.1 
2010-07-05,0.0 ,98.7 ,0.2 ,87.3 ,0.0 ,97.1 ,0.0 ,98.2 ,0.0 ,91.7 ,0.0 ,88.6 ,0.0 ,93.1 
2010-07-12,0.0 ,98.6 ,0.2 ,86.1 ,0.3 ,97.0 ,0.7 ,98.1 ,0.0 ,92.6 ,1.2 ,86.7 ,0.0 ,94.0 
2010-07-19,0.1 ,98.8 ,0.2 ,88.9 ,0.0 ,97.3 ,0.3 ,98.4 ,0.0 ,95.2 ,0.0 ,83.9 ,0.0 ,94.5 
2010-07-26,0.2 ,98.2 ,0.1 ,89.0 ,0.0 ,98.7 ,0.0 ,99.6 ,0.0 ,94.9 ,0.0 ,91.2 ,0.0 ,94.2 
2010-08-02,0.0 ,98.0 ,1.3 ,86.6 ,0.0 ,98.7 ,0.0 ,99.2 ,0.0 ,96.5 ,0.0 ,92.8 ,0.0 ,91.6 
2010-08-09,0.3 ,98.3 ,0.0 ,86.6 ,0.0 ,99.2 ,0.4 ,98.9 ,0.0 ,93.5 ,0.4 ,92.3 ,0.0 ,87.6 
2010-08-16,0.2 ,98.2 ,0.0 ,86.2 ,0.0 ,96.5 ,0.4 ,99.2 ,0.0 ,89.1 ,0.0 ,86.1 ,0.0 ,94.9 
2010-08-23,0.3 ,97.2 ,0.0 ,87.8 ,0.0 ,93.9 ,2.2 ,96.2 ,0.0 ,90.6 ,0.9 ,86.9 ,0.0 ,92.7 
2010-08-30,0.2 ,96.5 ,0.0 ,87.6 ,0.0 ,94.6 ,2.0 ,97.3 ,0.0 ,88.2 ,0.4 ,91.1 ,1.6 ,85.0 
2010-09-06,0.8 ,96.3 ,0.0 ,81.5 ,0.0 ,95.1 ,0.0 ,98.5 ,0.5 ,94.2 ,0.4 ,84.9 ,0.0 ,80.6 
2010-09-13,0.2 ,96.4 ,0.1 ,82.1 ,0.0 ,93.2 ,0.0 ,94.9 ,0.3 ,93.9 ,0.4 ,83.3 ,0.0 ,84.8 
2010-09-27,0.0 ,97.8 ,0.1 ,78.8 ,1.0 ,90.1 ,0.0 ,96.2 ,0.0 ,94.0 ,0.4 ,86.4 ,1.8 ,74.5 
2010-10-04,0.0 ,96.4 ,1.0 ,75.2 ,0.0 ,83.9 ,0.0 ,93.7 ,0.0 ,93.3 ,0.8 ,83.6 ,0.0 ,69.6 
2010-10-11,0.2 ,95.3 ,0.3 ,75.1 ,0.0 ,80.9 ,2.0 ,96.5 ,0.0 ,85.9 ,0.4 ,81.6 ,0.9 ,81.4 
2010-10-18,0.0 ,93.4 ,0.3 ,72.5 ,0.5 ,79.5 ,0.0 ,95.4 ,0.0 ,87.1 ,0.4 ,80.5 ,5.1 ,75.7 
2010-10-25,0.0 ,94.1 ,0.1 ,76.9 ,0.0 ,80.5 ,0.4 ,93.9 ,0.0 ,92.5 ,0.4 ,81.4 ,5.5 ,62.2 
2010-11-01,0.0 ,91.9 ,1.2 ,72.3 ,0.5 ,78.7 ,0.0 ,95.3 ,0.0 ,84.4 ,1.3 ,82.9 ,0.7 ,53.3 
2010-11-08,0.7 ,90.8 ,1.4 ,69.3 ,1.0 ,78.2 ,0.0 ,91.5 ,0.0 ,80.9 ,1.1 ,81.0 ,0.7 ,64.0 
2010-11-15,0.1 ,89.6 ,0.4 ,73.2 ,1.5 ,70.7 ,0.0 ,93.7 ,3.7 ,81.7 ,1.8 ,76.8 ,0.7 ,59.9 
2010-11-22,0.4 ,87.8 ,0.9 ,75.3 ,1.9 ,73.6 ,2.2 ,89.8 ,0.0 ,75.9 ,1.3 ,73.8 ,0.0 ,56.3 
2010-11-29,0.6 ,90.0 ,0.5 ,74.7 ,0.0 ,73.9 ,0.0 ,93.1 ,3.3 ,82.4 ,1.3 ,75.5 ,0.0 ,74.9 
2010-12-06,0.2 ,87.8 ,1.2 ,77.9 ,1.0 ,74.8 ,0.4 ,92.7 ,3.4 ,82.1 ,2.3 ,76.2 ,0.0 ,76.2 
2010-12-13,0.3 ,85.5 ,1.1 ,76.2 ,1.5 ,75.7 ,0.0 ,93.6 ,7.2 ,81.0 ,0.9 ,73.0 ,0.0 ,82.0 
2010-12-20,0.7 ,86.0 ,1.5 ,70.6 ,0.0 ,79.8 ,0.0 ,94.8 ,0.0 ,84.7 ,1.4 ,84.0 ,0.0 ,66.5 
2010-12-27,0.8 ,86.7 ,0.1 ,77.3 ,0.4 ,78.6 ,0.0 ,95.8 ,3.3 ,76.6 ,0.7 ,77.8 ,4.2 ,73.4 
2011-01-03,0.5 ,85.0 ,0.2 ,72.7 ,0.0 ,80.9 ,2.2 ,91.5 ,3.6 ,82.8 ,2.2 ,80.9 ,0.0 ,77.1 
2011-01-10,0.3 ,82.7 ,1.7 ,76.3 ,1.9 ,71.5 ,2.5 ,90.6 ,3.6 ,79.4 ,0.7 ,79.0 ,0.9 ,71.0 
2011-01-17,0.7 ,78.9 ,0.4 ,71.1 ,4.3 ,68.4 ,0.0 ,86.7 ,0.3 ,84.2 ,3.1 ,75.0 ,0.9 ,76.4 
2011-01-24,1.0 ,77.3 ,0.4 ,78.6 ,2.8 ,66.4 ,0.0 ,87.6 ,3.7 ,87.5 ,0.9 ,80.0 ,0.0 ,67.4 
2011-02-07,0.9 ,77.6 ,0.7 ,69.7 ,3.4 ,57.9 ,0.4 ,90.6 ,3.7 ,86.1 ,0.7 ,80.6 ,1.5 ,62.7 
2011-02-14,0.6 ,74.9 ,0.8 ,68.8 ,5.6 ,59.3 ,3.2 ,76.8 ,10.6 ,83.2 ,1.4 ,75.4 ,2.0 ,64.3 
2011-02-21,1.4 ,76.8 ,2.6 ,70.5 ,4.2 ,54.2 ,0.3 ,79.3 ,8.1 ,78.7 ,1.2 ,76.6 ,0.9 ,58.6 
2011-02-28,0.7 ,78.4 ,2.8 ,71.7 ,1.4 ,49.9 ,0.0 ,77.5 ,6.7 ,79.6 ,0.4 ,78.4 ,0.0 ,71.6 
2011-03-07,0.5 ,84.0 ,1.3 ,71.6 ,2.4 ,59.4 ,0.4 ,81.6 ,7.4 ,81.2 ,0.9 ,77.5 ,5.8 ,52.7 
2011-03-14,1.1 ,85.9 ,0.3 ,71.8 ,1.8 ,55.4 ,0.0 ,85.2 ,3.7 ,86.1 ,1.1 ,81.3 ,9.9 ,45.7 
2011-03-21,0.1 ,89.1 ,0.1 ,70.3 ,1.8 ,64.1 ,0.0 ,89.6 ,3.3 ,80.0 ,0.0 ,87.5 ,6.4 ,64.0 
2011-03-28,0.6 ,90.9 ,1.8 ,61.0 ,0.0 ,72.8 ,0.3 ,90.4 ,3.5 ,89.7 ,0.0 ,84.1 ,3.4 ,62.3 
2011-04-04,0.0 ,92.5 ,0.7 ,66.4 ,0.2 ,70.1 ,0.0 ,92.1 ,3.5 ,90.4 ,0.0 ,90.3 ,0.0 ,71.6 
2011-04-11,0.5 ,93.5 ,0.1 ,74.9 ,0.9 ,63.9 ,1.9 ,93.7 ,5.9 ,82.3 ,0.0 ,84.7 ,4.2 ,76.8 
2011-04-18,0.4 ,94.0 ,0.1 ,73.2 ,0.0 ,72.8 ,1.9 ,90.1 ,2.9 ,89.2 ,0.0 ,90.4 ,0.0 ,70.0 
2011-04-25,0.1 ,96.0 ,0.1 ,77.8 ,1.3 ,76.8 ,0.8 ,90.9 ,2.9 ,85.1 ,1.2 ,83.5 ,0.7 ,74.1 
2011-05-02,0.0 ,95.6 ,0.1 ,81.4 ,1.4 ,68.3 ,0.4 ,94.8 ,2.9 ,86.0 ,0.0 ,88.8 ,2.2 ,74.9 
2011-05-09,0.0 ,95.7 ,0.6 ,82.7 ,0.0 ,78.1 ,0.3 ,97.5 ,0.0 ,97.8 ,0.0 ,92.0 ,0.0 ,82.6 
2011-05-16,0.0 ,96.7 ,0.2 ,78.1 ,1.0 ,79.4 ,1.9 ,96.4 ,3.0 ,84.1 ,0.4 ,91.1 ,1.1 ,75.1 
2011-05-23,0.2 ,97.0 ,0.2 ,85.0 ,0.0 ,78.1 ,0.0 ,95.4 ,2.9 ,88.0 ,2.3 ,79.3 ,0.0 ,79.1 
2011-05-30,0.0 ,96.4 ,0.0 ,83.4 ,0.9 ,80.8 ,0.0 ,99.0 ,2.9 ,87.4 ,0.9 ,79.5 ,0.0 ,80.8 
2011-06-06,0.7 ,95.9 ,0.0 ,87.1 ,0.0 ,83.3 ,2.4 ,94.1 ,2.9 ,85.9 ,0.5 ,83.6 ,0.0 ,82.2 
2011-06-13,0.2 ,95.8 ,0.4 ,86.9 ,0.0 ,76.5 ,0.0 ,98.0 ,1.3 ,84.0 ,0.8 ,79.6 ,1.3 ,76.8 
2011-06-20,0.1 ,97.0 ,0.4 ,89.6 ,0.0 ,75.4 ,0.0 ,98.2 ,0.0 ,89.8 ,1.2 ,82.1 ,0.0 ,75.9 
2011-06-27,0.0 ,96.9 ,0.3 ,89.7 ,1.4 ,82.8 ,0.0 ,97.2 ,0.7 ,93.3 ,0.0 ,83.5 ,1.3 ,79.2 
2011-07-04,0.0 ,96.9 ,0.0 ,89.7 ,0.0 ,81.5 ,0.3 ,98.7 ,0.7 ,86.9 ,0.7 ,87.8 ,2.3 ,85.6 
2011-07-11,0.1 ,96.8 ,0.0 ,87.9 ,0.0 ,81.4 ,0.6 ,97.7 ,0.7 ,90.3 ,1.2 ,86.3 ,1.3 ,83.5 
2011-07-18,0.0 ,96.2 ,0.5 ,91.4 ,0.9 ,84.1 ,0.6 ,98.8 ,2.1 ,85.7 ,0.7 ,82.2 ,1.3 ,88.5 
2011-07-25,0.1 ,95.4 ,0.2 ,91.1 ,0.0 ,83.0 ,0.6 ,96.5 ,0.7 ,89.2 ,1.2 ,86.9 ,1.3 ,84.1 
2011-08-01,0.2 ,94.6 ,0.0 ,91.6 ,0.0 ,82.3 ,0.7 ,95.4 ,0.7 ,84.4 ,0.0 ,85.0 ,0.0 ,86.8 
2011-08-08,0.1 ,93.3 ,0.0 ,90.7 ,0.0 ,78.1 ,0.0 ,96.7 ,0.7 ,88.5 ,0.0 ,86.2 ,0.0 ,83.5 
2011-08-15,0.2 ,93.8 ,1.1 ,90.8 ,0.0 ,75.6 ,1.3 ,95.0 ,1.4 ,90.2 ,0.0 ,89.4 ,0.0 ,81.8 
2011-08-22,0.3 ,96.0 ,0.0 ,89.1 ,0.0 ,78.1 ,0.3 ,92.2 ,0.7 ,83.2 ,0.0 ,87.5 ,1.3 ,81.2 
2011-08-29,0.3 ,93.9 ,0.6 ,89.5 ,0.0 ,77.8 ,0.0 ,94.3 ,0.7 ,83.8 ,0.0 ,86.4 ,0.0 ,81.9 
2011-09-05,0.3 ,93.4 ,0.9 ,90.1 ,0.0 ,76.9 ,0.0 ,92.0 ,0.0 ,85.4 ,0.0 ,89.3 ,0.0 ,80.2 
2011-09-12,0.2 ,92.4 ,0.3 ,85.6 ,0.4 ,72.5 ,0.0 ,93.6 ,0.7 ,74.2 ,0.0 ,80.9 ,1.3 ,78.7 
2011-09-19,0.6 ,92.5 ,0.0 ,86.5 ,1.0 ,68.5 ,0.8 ,95.8 ,2.4 ,79.7 ,0.0 ,85.4 ,0.0 ,76.2 
2011-10-03,0.4 ,93.4 ,0.0 ,87.5 ,0.0 ,67.5 ,0.7 ,93.9 ,0.7 ,83.8 ,0.0 ,84.9 ,0.0 ,76.7 
2011-10-10,0.2 ,95.1 ,0.0 ,87.8 ,0.4 ,69.6 ,0.5 ,94.6 ,0.7 ,80.2 ,0.0 ,89.5 ,0.0 ,76.2 
2011-10-17,0.3 ,96.1 ,0.0 ,88.3 ,0.4 ,73.1 ,0.0 ,95.2 ,0.7 ,83.7 ,0.0 ,84.1 ,1.0 ,73.0 
2011-10-24,0.1 ,95.3 ,0.0 ,89.8 ,0.4 ,72.1 ,0.0 ,97.9 ,0.7 ,78.6 ,0.0 ,90.8 ,0.0 ,78.0 
2011-10-31,0.3 ,96.7 ,0.0 ,91.3 ,0.0 ,75.3 ,1.7 ,95.7 ,0.7 ,85.3 ,0.0 ,93.8 ,0.0 ,83.3 
2011-11-07,0.3 ,96.9 ,0.0 ,92.6 ,0.0 ,72.4 ,0.3 ,97.3 ,0.7 ,89.1 ,0.0 ,94.9 ,0.0 ,83.9 
2011-11-14,0.0 ,97.5 ,0.0 ,93.0 ,0.8 ,73.2 ,0.3 ,98.4 ,0.7 ,81.9 ,0.0 ,95.1 ,0.0 ,81.4 
2011-11-21,0.5 ,96.7 ,0.0 ,96.3 ,0.0 ,74.9 ,0.0 ,98.5 ,1.5 ,87.0 ,0.0 ,95.7 ,0.0 ,86.2 
2011-11-28,0.1 ,97.5 ,0.0 ,94.8 ,0.0 ,77.5 ,0.0 ,97.9 ,0.7 ,87.1 ,0.0 ,96.5 ,0.0 ,85.0 
2011-12-05,0.1 ,97.8 ,0.0 ,96.5 ,0.0 ,78.9 ,0.0 ,97.8 ,0.7 ,90.9 ,0.0 ,96.5 ,0.0 ,85.4 
2011-12-12,0.4 ,96.3 ,0.5 ,97.3 ,0.0 ,82.6 ,0.0 ,98.3 ,0.7 ,89.0 ,0.0 ,96.5 ,0.0 ,88.3 
2011-12-19,0.3 ,97.0 ,0.5 ,96.1 ,0.0 ,78.8 ,0.0 ,98.4 ,0.0 ,89.5 ,0.0 ,95.7 ,0.0 ,87.7 
2011-12-26,0.5 ,97.3 ,0.5 ,97.2 ,0.0 ,81.7 ,0.0 ,96.2 ,0.0 ,88.9 ,0.0 ,97.3 ,0.0 ,86.0 
2012-01-02,0.2 ,96.7 ,0.5 ,97.0 ,0.0 ,81.3 ,0.0 ,98.8 ,0.0 ,88.9 ,0.0 ,96.5 ,0.0 ,87.9 
2012-01-09,0.1 ,97.8 ,0.0 ,96.6 ,0.0 ,84.3 ,0.0 ,98.8 ,0.0 ,88.9 ,0.0 ,95.6 ,1.6 ,84.1 
2012-01-16,0.1 ,97.2 ,0.3 ,95.0 ,0.0 ,81.3 ,0.5 ,98.3 ,0.0 ,85.2 ,0.0 ,96.5 ,0.0 ,86.4 
2012-01-30,0.2 ,96.5 ,0.0 ,96.3 ,0.4 ,80.0 ,0.7 ,96.1 ,0.8 ,80.5 ,1.2 ,90.7 ,0.0 ,82.9 
2012-02-06,0.0 ,96.4 ,0.0 ,95.9 ,0.0 ,78.1 ,0.0 ,97.0 ,1.5 ,78.4 ,0.0 ,90.2 ,0.0 ,81.3 
2012-02-13,0.1 ,96.2 ,0.7 ,94.5 ,0.0 ,71.9 ,0.0 ,97.9 ,0.7 ,80.0 ,0.0 ,89.9 ,1.3 ,76.5 
2012-02-20,0.0 ,96.2 ,0.0 ,95.8 ,0.0 ,72.6 ,0.7 ,95.7 ,0.7 ,78.9 ,0.0 ,92.0 ,0.0 ,75.9 
2012-02-27,0.1 ,96.2 ,0.0 ,91.8 ,0.8 ,71.8 ,0.0 ,95.3 ,0.0 ,81.6 ,0.0 ,91.5 ,0.0 ,75.5 
2012-03-05,0.0 ,97.3 ,0.0 ,94.9 ,0.3 ,73.8 ,0.0 ,97.2 ,0.0 ,86.3 ,0.0 ,93.6 ,0.0 ,73.3 
2012-03-12,0.3 ,97.1 ,0.8 ,94.2 ,1.9 ,74.4 ,0.0 ,95.8 ,0.7 ,84.5 ,0.0 ,95.8 ,0.0 ,80.8 
2012-03-19,0.3 ,97.3 ,0.0 ,95.3 ,0.9 ,74.8 ,0.0 ,98.3 ,0.0 ,86.8 ,0.0 ,96.6 ,0.0 ,81.7 
2012-03-26,0.1 ,97.7 ,0.0 ,93.1 ,0.0 ,79.6 ,0.0 ,97.7 ,0.0 ,85.9 ,0.0 ,94.1 ,0.0 ,73.0 
2012-04-02,0.1 ,97.9 ,0.8 ,92.3 ,0.0 ,79.7 ,0.0 ,97.0 ,0.0 ,85.9 ,0.0 ,95.6 ,2.5 ,78.2 
2012-04-09,0.1 ,97.5 ,0.0 ,92.6 ,0.0 ,79.1 ,0.0 ,97.0 ,0.0 ,88.9 ,0.0 ,97.4 ,0.0 ,83.0 
2012-04-16,0.2 ,96.8 ,0.0 ,95.0 ,0.0 ,82.4 ,0.0 ,96.4 ,0.0 ,89.0 ,0.0 ,94.6 ,0.0 ,81.5 
2012-04-23,0.0 ,96.9 ,0.0 ,93.2 ,0.0 ,79.5 ,0.5 ,98.3 ,0.0 ,90.3 ,1.2 ,97.5 ,0.0 ,79.0 
2012-04-30,0.1 ,97.1 ,0.3 ,92.8 ,0.6 ,82.8 ,0.7 ,95.0 ,0.0 ,87.1 ,0.0 ,99.1 ,0.0 ,81.7 
2012-05-07,0.4 ,96.0 ,1.5 ,93.0 ,0.0 ,84.1 ,0.0 ,98.3 ,0.0 ,88.7 ,0.0 ,98.0 ,0.0 ,89.9 
2012-05-14,0.3 ,96.4 ,0.0 ,93.7 ,0.0 ,84.0 ,0.0 ,96.0 ,0.0 ,91.6 ,0.0 ,96.6 ,0.0 ,88.1 
2012-05-21,0.1 ,96.6 ,0.0 ,94.0 ,0.0 ,83.6 ,0.0 ,96.4 ,0.0 ,92.3 ,0.0 ,97.3 ,0.0 ,87.7 
2012-05-28,0.0 ,97.1 ,0.0 ,94.8 ,0.0 ,77.9 ,0.0 ,96.7 ,0.0 ,92.9 ,0.0 ,98.3 ,0.0 ,93.0 
2012-06-04,0.3 ,97.5 ,0.3 ,94.9 ,0.0 ,85.9 ,0.7 ,97.0 ,0.0 ,91.6 ,0.0 ,97.0 ,0.0 ,93.1 
2012-06-11,0.4 ,97.4 ,0.0 ,94.0 ,0.0 ,85.0 ,0.0 ,97.5 ,0.0 ,92.4 ,0.0 ,95.3 ,0.0 ,93.0 
2012-06-18,0.1 ,98.2 ,0.0 ,95.4 ,0.0 ,87.2 ,0.7 ,96.8 ,0.0 ,94.2 ,0.0 ,96.1 ,0.0 ,92.2 
2012-06-25,0.3 ,97.6 ,0.0 ,96.1 ,0.0 ,89.1 ,0.0 ,95.9 ,0.7 ,91.6 ,0.0 ,97.8 ,0.0 ,89.6 
2012-07-02,0.0 ,98.5 ,0.0 ,96.3 ,0.6 ,87.1 ,0.0 ,96.8 ,0.0 ,97.3 ,0.0 ,98.2 ,0.0 ,93.0 
2012-07-09,0.3 ,98.5 ,0.0 ,95.2 ,0.0 ,88.1 ,0.0 ,97.6 ,0.0 ,95.8 ,0.0 ,98.7 ,0.0 ,93.4 
2012-07-16,0.3 ,98.3 ,0.0 ,96.7 ,0.0 ,88.8 ,0.0 ,98.0 ,0.0 ,97.4 ,0.0 ,96.7 ,0.0 ,91.0 
2012-07-23,0.2 ,98.7 ,0.0 ,97.9 ,0.0 ,88.1 ,0.5 ,97.7 ,0.0 ,95.7 ,0.0 ,98.0 ,0.0 ,94.6 
2012-07-30,0.0 ,98.3 ,0.0 ,98.3 ,0.0 ,88.4 ,0.0 ,97.6 ,0.0 ,97.9 ,0.8 ,97.2 ,1.3 ,93.2 
2012-08-06,0.0 ,99.1 ,0.3 ,96.8 ,0.0 ,90.3 ,0.0 ,99.5 ,0.0 ,96.2 ,0.0 ,99.3 ,0.0 ,95.8 
2012-08-13,0.0 ,99.0 ,0.0 ,96.7 ,0.0 ,87.5 ,0.6 ,98.2 ,0.0 ,98.0 ,0.9 ,97.3 ,0.0 ,93.2 
2012-08-20,0.0 ,99.0 ,0.0 ,99.4 ,0.0 ,87.8 ,0.0 ,98.2 ,0.0 ,99.3 ,0.0 ,98.5 ,0.0 ,95.9 
2012-08-27,0.0 ,98.0 ,0.0 ,96.6 ,0.6 ,84.4 ,0.0 ,98.4 ,0.0 ,95.3 ,0.0 ,99.2 ,0.0 ,95.9 
2012-09-03,0.0 ,99.0 ,0.0 ,94.0 ,0.6 ,80.7 ,1.2 ,95.8 ,0.0 ,90.8 ,0.0 ,95.3 ,0.0 ,95.1 
2012-09-10,0.2 ,97.8 ,0.3 ,96.3 ,1.4 ,79.9 ,0.5 ,94.7 ,0.0 ,89.3 ,0.0 ,96.8 ,0.0 ,91.8 
2012-09-17,0.5 ,97.2 ,0.0 ,96.1 ,0.9 ,75.4 ,0.0 ,96.1 ,0.0 ,89.3 ,0.0 ,92.8 ,0.0 ,96.0 
2012-09-24,0.2 ,96.9 ,0.0 ,96.4 ,1.7 ,77.8 ,0.0 ,95.8 ,0.0 ,92.0 ,0.0 ,96.0 ,0.0 ,93.6 
2012-10-08,0.5 ,96.0 ,0.0 ,95.5 ,1.4 ,72.7 ,1.1 ,94.5 ,0.0 ,80.5 ,0.0 ,88.1 ,0.0 ,84.2 
2012-10-15,0.4 ,94.3 ,0.0 ,91.9 ,1.4 ,68.8 ,1.1 ,91.2 ,0.0 ,79.1 ,0.0 ,86.6 ,0.0 ,91.1 
2012-10-22,0.5 ,93.5 ,0.0 ,91.1 ,0.6 ,69.1 ,1.7 ,91.9 ,0.0 ,86.9 ,0.0 ,88.5 ,1.6 ,84.6 
2012-10-29,0.1 ,93.6 ,0.0 ,91.4 ,0.6 ,76.8 ,1.0 ,92.7 ,0.0 ,87.7 ,0.0 ,91.0 ,0.0 ,90.9 
2012-11-05,0.1 ,93.8 ,0.3 ,93.0 ,1.4 ,74.5 ,1.0 ,93.3 ,0.8 ,88.3 ,0.0 ,88.9 ,0.0 ,95.1 
2012-11-12,0.1 ,95.4 ,0.5 ,91.3 ,1.4 ,73.2 ,1.7 ,92.5 ,2.5 ,82.6 ,0.0 ,94.1 ,0.0 ,97.8 
2012-11-19,0.3 ,96.1 ,0.9 ,93.1 ,1.4 ,77.0 ,0.6 ,95.0 ,0.8 ,85.4 ,0.0 ,93.3 ,0.0 ,96.3 
2012-11-26,0.1 ,95.7 ,0.6 ,92.8 ,0.0 ,79.3 ,0.4 ,94.1 ,0.0 ,85.2 ,0.0 ,94.1 ,0.0 ,94.8 
2012-12-03,0.5 ,96.7 ,0.4 ,94.2 ,0.0 ,83.6 ,0.0 ,95.6 ,0.0 ,90.6 ,0.0 ,95.7 ,0.0 ,95.9 
2012-12-10,0.4 ,97.7 ,0.0 ,97.0 ,0.0 ,86.4 ,0.0 ,96.9 ,0.0 ,92.1 ,0.0 ,97.0 ,0.0 ,93.8 
2012-12-17,0.3 ,97.5 ,0.0 ,97.2 ,0.0 ,82.8 ,0.3 ,96.9 ,0.0 ,94.5 ,0.0 ,95.5 ,0.0 ,96.4 
2012-12-24,0.4 ,96.3 ,0.3 ,97.6 ,0.0 ,84.2 ,0.0 ,97.8 ,0.0 ,95.3 ,0.0 ,92.9 ,0.0 ,97.4 
2012-12-31,0.1 ,97.9 ,0.6 ,96.3 ,0.6 ,85.2 ,0.0 ,96.6 ,0.0 ,89.7 ,0.9 ,94.9 ,0.0 ,94.9 
2013-01-07,0.1 ,98.5 ,0.0 ,98.4 ,0.0 ,88.8 ,0.0 ,98.2 ,0.0 ,94.0 ,0.0 ,96.4 ,0.0 ,95.8 
2013-01-14,0.2 ,97.6 ,0.3 ,98.6 ,0.6 ,85.2 ,0.7 ,95.1 ,0.0 ,95.3 ,0.0 ,96.4 ,0.0 ,91.5 
2013-01-21,0.3 ,96.7 ,0.0 ,96.7 ,0.0 ,87.3 ,0.0 ,96.7 ,0.0 ,94.1 ,0.0 ,95.8 ,0.0 ,95.0 
2013-01-28,0.5 ,96.7 ,0.8 ,97.7 ,0.0 ,84.3 ,0.0 ,96.8 ,0.0 ,92.8 ,0.0 ,89.8 ,0.0 ,91.0 
2013-02-04,0.3 ,97.4 ,0.2 ,97.2 ,0.4 ,82.0 ,0.0 ,98.1 ,0.0 ,96.1 ,0.0 ,94.4 ,0.0 ,92.8 
2013-02-11,0.3 ,98.4 ,0.3 ,98.7 ,0.4 ,85.4 ,0.0 ,95.5 ,0.0 ,92.1 ,0.0 ,97.7 ,0.0 ,92.8 
2013-02-18,0.3 ,95.8 ,0.0 ,94.4 ,0.0 ,78.7 ,0.0 ,95.4 ,0.0 ,90.2 ,0.0 ,91.8 ,0.0 ,90.1 
2013-02-25,0.0 ,94.0 ,0.0 ,90.1 ,1.2 ,77.1 ,0.0 ,88.6 ,0.0 ,92.3 ,0.0 ,92.0 ,0.0 ,89.7 
2013-03-04,0.7 ,92.1 ,1.1 ,89.6 ,0.4 ,73.2 ,1.4 ,82.8 ,0.0 ,87.6 ,0.0 ,93.1 ,0.9 ,96.9 
2013-03-11,0.4 ,89.5 ,0.7 ,85.9 ,0.6 ,71.6 ,0.9 ,79.9 ,0.0 ,91.1 ,0.0 ,88.1 ,1.0 ,87.7 
2013-03-18,0.7 ,89.6 ,0.0 ,88.2 ,0.0 ,75.2 ,0.3 ,77.2 ,0.8 ,91.4 ,0.0 ,91.5 ,0.0 ,87.0 
2013-03-25,0.7 ,91.2 ,0.0 ,86.9 ,0.9 ,73.6 ,0.5 ,81.3 ,0.8 ,91.3 ,0.0 ,93.4 ,2.8 ,85.1 
2013-04-01,0.3 ,90.6 ,0.7 ,86.4 ,1.2 ,72.7 ,0.0 ,78.7 ,0.0 ,93.5 ,0.0 ,93.1 ,1.3 ,85.8 
2013-04-08,1.1 ,89.8 ,0.5 ,88.7 ,0.9 ,67.9 ,1.1 ,79.5 ,0.0 ,89.8 ,0.0 ,92.0 ,1.3 ,90.2 
2013-04-15,0.5 ,91.2 ,1.2 ,85.6 ,2.0 ,69.4 ,1.4 ,76.5 ,0.0 ,92.0 ,0.0 ,87.4 ,0.0 ,91.7 
2013-04-22,0.8 ,88.9 ,0.3 ,88.5 ,0.2 ,70.2 ,0.0 ,79.2 ,0.0 ,93.2 ,0.0 ,89.6 ,1.1 ,86.7 
2013-04-29,0.8 ,88.9 ,0.4 ,88.8 ,2.0 ,64.0 ,0.4 ,79.4 ,0.0 ,94.8 ,0.0 ,91.6 ,0.0 ,89.7 
2013-05-06,0.9 ,86.8 ,0.0 ,85.9 ,1.5 ,69.0 ,0.0 ,74.2 ,0.0 ,90.0 ,0.0 ,86.1 ,0.0 ,90.6 
2013-05-13,0.9 ,87.8 ,0.4 ,88.6 ,3.0 ,65.3 ,0.0 ,70.8 ,0.0 ,93.9 ,0.0 ,88.8 ,0.0 ,92.8 
2013-05-20,0.8 ,90.2 ,0.9 ,89.3 ,2.1 ,70.1 ,0.0 ,73.4 ,0.0 ,90.0 ,1.3 ,85.2 ,0.0 ,90.9 
2013-05-27,0.5 ,89.3 ,0.0 ,90.5 ,1.2 ,75.0 ,0.5 ,82.3 ,1.1 ,91.4 ,0.0 ,89.2 ,0.0 ,91.6 
2013-06-03,0.7 ,91.6 ,0.6 ,90.8 ,2.9 ,68.0 ,0.7 ,82.7 ,0.0 ,91.6 ,0.0 ,88.4 ,0.0 ,92.3 
2013-06-10,0.6 ,92.9 ,0.0 ,91.8 ,2.6 ,69.0 ,0.0 ,86.6 ,0.0 ,96.4 ,0.0 ,84.7 ,0.0 ,91.2 
2013-06-17,0.4 ,94.2 ,0.0 ,89.7 ,1.0 ,74.1 ,0.0 ,82.9 ,0.0 ,93.9 ,0.8 ,83.0 ,1.3 ,88.6 
2013-06-24,0.3 ,93.5 ,0.0 ,89.6 ,1.5 ,75.3 ,0.3 ,87.2 ,0.0 ,92.4 ,0.0 ,82.5 ,1.3 ,88.3 
2013-07-01,0.5 ,95.6 ,0.0 ,90.8 ,0.8 ,79.5 ,0.0 ,91.6 ,0.0 ,96.2 ,0.7 ,87.8 ,1.3 ,95.4 
2013-07-08,0.6 ,97.4 ,0.0 ,96.2 ,0.2 ,87.6 ,0.0 ,95.5 ,0.0 ,95.9 ,0.0 ,92.0 ,0.0 ,94.3 
2013-07-15,0.6 ,97.3 ,0.5 ,95.4 ,0.2 ,86.9 ,0.0 ,95.7 ,2.4 ,96.5 ,0.0 ,89.8 ,1.3 ,94.8 
2013-07-22,0.6 ,98.1 ,0.4 ,97.2 ,0.2 ,93.5 ,0.0 ,94.5 ,0.8 ,96.9 ,0.0 ,93.2 ,1.3 ,91.2 
2013-07-29,0.3 ,97.7 ,0.4 ,96.2 ,0.0 ,92.6 ,0.0 ,97.2 ,1.1 ,93.5 ,0.7 ,94.1 ,0.0 ,94.5 
2013-08-05,0.1 ,97.9 ,0.2 ,96.1 ,0.2 ,93.0 ,0.0 ,96.1 ,1.2 ,94.4 ,0.0 ,91.5 ,0.0 ,93.9 
2013-08-12,0.3 ,97.1 ,0.0 ,96.7 ,0.0 ,94.9 ,0.5 ,92.5 ,0.0 ,97.8 ,0.0 ,94.7 ,0.0 ,90.9 
2013-08-19,0.5 ,96.2 ,0.3 ,94.9 ,0.0 ,93.7 ,0.0 ,86.8 ,0.0 ,93.9 ,0.0 ,92.8 ,0.0 ,91.4 
2013-08-26,0.7 ,91.9 ,0.5 ,93.2 ,0.0 ,89.1 ,0.0 ,87.6 ,0.0 ,92.9 ,0.0 ,90.7 ,0.0 ,89.3 
2013-09-02,0.6 ,87.2 ,0.5 ,89.4 ,0.0 ,80.6 ,0.9 ,76.2 ,0.7 ,89.3 ,0.0 ,85.5 ,1.3 ,87.0 
2013-09-09,1.2 ,81.8 ,0.0 ,89.6 ,1.8 ,79.2 ,2.0 ,75.0 ,1.2 ,86.7 ,0.0 ,86.4 ,0.0 ,82.5 
2013-09-23,1.1 ,78.5 ,0.0 ,83.7 ,0.5 ,73.7 ,2.1 ,64.4 ,0.0 ,81.2 ,1.5 ,76.6 ,1.1 ,76.4 
2013-09-30,1.0 ,73.8 ,0.0 ,76.1 ,1.5 ,72.5 ,2.8 ,69.9 ,0.6 ,84.4 ,2.2 ,72.2 ,1.1 ,74.5 
2013-10-07,1.2 ,75.0 ,1.2 ,75.3 ,7.0 ,65.0 ,3.1 ,66.4 ,0.0 ,87.0 ,2.2 ,68.7 ,1.2 ,74.2 
2013-10-14,1.2 ,75.0 ,0.5 ,75.4 ,2.0 ,74.1 ,3.6 ,67.0 ,0.0 ,81.5 ,2.0 ,70.0 ,3.9 ,76.3 
2013-10-21,0.5 ,81.6 ,0.8 ,74.4 ,1.9 ,74.8 ,0.9 ,78.9 ,1.2 ,81.2 ,0.7 ,78.1 ,1.8 ,70.7 
2013-10-28,0.3 ,88.4 ,1.3 ,79.2 ,0.0 ,74.9 ,0.0 ,80.0 ,1.8 ,87.4 ,2.4 ,79.8 ,4.7 ,75.0 
2013-11-04,0.9 ,88.9 ,0.2 ,80.0 ,1.3 ,79.0 ,0.0 ,82.4 ,0.0 ,85.1 ,0.7 ,76.6 ,1.4 ,82.8 
2013-11-11,1.0 ,89.6 ,0.4 ,85.6 ,2.2 ,74.2 ,0.0 ,85.7 ,0.6 ,87.2 ,0.0 ,77.3 ,2.5 ,84.7 
2013-11-18,0.2 ,91.3 ,0.7 ,82.0 ,0.8 ,78.1 ,0.0 ,83.0 ,0.6 ,92.5 ,0.0 ,84.5 ,0.0 ,88.5 
2013-11-25,0.3 ,93.1 ,0.0 ,85.1 ,0.5 ,81.9 ,0.0 ,84.0 ,0.6 ,92.3 ,0.7 ,86.3 ,0.0 ,88.5 
2013-12-02,0.7 ,92.7 ,0.0 ,90.7 ,0.8 ,88.3 ,0.0 ,87.2 ,0.0 ,92.0 ,0.0 ,85.6 ,0.0 ,87.2 
2013-12-09,0.2 ,91.8 ,0.4 ,87.0 ,0.0 ,84.0 ,0.5 ,84.1 ,0.6 ,86.2 ,0.0 ,84.8 ,0.0 ,90.0 
2013-12-16,0.4 ,90.6 ,0.0 ,89.8 ,0.0 ,83.9 ,0.0 ,86.4 ,0.6 ,90.8 ,0.0 ,87.1 ,0.0 ,90.3 
2013-12-23,0.5 ,89.4 ,0.8 ,86.7 ,0.0 ,88.1 ,1.7 ,83.9 ,0.6 ,93.1 ,0.0 ,87.8 ,0.0 ,89.9 
2013-12-30,0.3 ,91.1 ,0.0 ,87.2 ,0.2 ,84.4 ,1.0 ,88.9 ,0.6 ,93.2 ,0.0 ,86.1 ,0.0 ,92.7 
2014-01-06,0.3 ,87.8 ,0.3 ,86.5 ,0.2 ,81.8 ,0.8 ,84.3 ,1.2 ,91.1 ,0.0 ,86.8 ,0.0 ,88.6 
2014-01-13,0.9 ,84.3 ,0.0 ,87.0 ,0.8 ,80.9 ,1.0 ,80.7 ,1.3 ,88.4 ,0.0 ,77.7 ,0.0 ,89.2 
2014-01-20,1.1 ,77.1 ,1.1 ,82.9 ,0.2 ,80.4 ,0.3 ,76.2 ,0.0 ,92.0 ,0.0 ,80.8 ,1.6 ,84.3 
2014-01-27,0.9 ,77.0 ,0.8 ,80.3 ,0.8 ,78.8 ,2.1 ,72.7 ,0.7 ,87.0 ,0.0 ,84.9 ,1.6 ,81.7 
2014-02-03,1.7 ,71.5 ,0.8 ,79.8 ,1.7 ,73.3 ,2.3 ,65.6 ,0.0 ,89.7 ,0.6 ,77.1 ,1.4 ,78.5 
2014-02-17,2.6 ,66.3 ,0.4 ,74.0 ,0.7 ,74.6 ,4.0 ,63.0 ,0.7 ,84.1 ,1.9 ,78.6 ,2.8 ,73.1 
2014-02-24,3.0 ,61.2 ,0.4 ,72.9 ,0.2 ,71.2 ,4.9 ,61.7 ,1.3 ,77.4 ,0.6 ,67.2 ,4.0 ,71.2 
2014-03-03,2.8 ,62.5 ,0.9 ,72.3 ,2.2 ,69.3 ,5.0 ,60.8 ,0.0 ,86.0 ,0.6 ,72.0 ,2.5 ,73.3 
2014-03-10,3.3 ,70.4 ,0.4 ,68.0 ,0.4 ,77.9 ,3.0 ,55.8 ,1.9 ,82.4 ,1.3 ,64.7 ,3.5 ,66.9 
2014-03-17,1.2 ,77.9 ,0.7 ,71.1 ,0.5 ,72.8 ,1.4 ,69.7 ,0.0 ,87.0 ,1.4 ,80.8 ,7.3 ,70.6 
2014-03-24,0.7 ,83.8 ,1.0 ,74.1 ,0.4 ,79.1 ,0.3 ,74.6 ,0.0 ,89.1 ,0.0 ,77.0 ,3.9 ,68.8 
2014-03-31,0.5 ,90.2 ,1.0 ,75.7 ,0.0 ,77.8 ,0.5 ,74.4 ,1.9 ,83.0 ,0.0 ,78.0 ,3.9 ,65.6 
2014-04-07,0.4 ,88.9 ,0.7 ,81.3 ,0.0 ,78.4 ,0.3 ,80.5 ,3.1 ,82.8 ,0.0 ,85.8 ,0.0 ,70.3 
2014-04-14,0.7 ,90.6 ,0.4 ,77.3 ,0.2 ,82.6 ,0.3 ,82.0 ,2.4 ,81.9 ,0.0 ,85.7 ,0.0 ,74.1 
2014-04-21,0.5 ,91.9 ,0.0 ,84.5 ,0.0 ,85.1 ,0.7 ,84.3 ,0.0 ,83.7 ,0.0 ,89.3 ,0.0 ,77.4 
2014-04-28,0.6 ,92.7 ,0.7 ,84.6 ,0.0 ,85.4 ,0.5 ,86.9 ,0.0 ,85.3 ,0.0 ,93.0 ,0.0 ,78.3 
2014-05-12,0.6 ,94.3 ,0.0 ,86.7 ,0.0 ,85.8 ,0.3 ,89.0 ,1.2 ,90.1 ,0.0 ,88.2 ,0.0 ,85.7 
2014-05-19,0.8 ,94.3 ,0.4 ,87.3 ,0.0 ,90.5 ,0.0 ,85.3 ,0.0 ,91.8 ,0.0 ,95.2 ,0.0 ,81.8 
2014-05-26,0.7 ,94.2 ,0.0 ,86.7 ,0.0 ,87.2 ,0.0 ,87.4 ,0.0 ,89.9 ,0.0 ,92.4 ,0.0 ,82.2 
2014-06-02,0.5 ,95.3 ,0.0 ,90.9 ,0.0 ,88.7 ,0.0 ,87.2 ,0.0 ,92.4 ,0.0 ,93.5 ,0.0 ,88.1 
2014-06-09,0.7 ,94.9 ,0.0 ,89.0 ,0.0 ,89.4 ,0.0 ,86.0 ,2.4 ,88.6 ,0.0 ,93.6 ,0.0 ,85.2 
2014-06-16,0.6 ,93.7 ,0.0 ,87.3 ,0.0 ,87.9 ,0.0 ,84.9 ,0.0 ,91.8 ,0.0 ,90.5 ,0.0 ,84.7 
2014-06-23,0.7 ,92.6 ,0.0 ,88.1 ,0.0 ,89.6 ,0.5 ,86.8 ,0.0 ,91.9 ,0.0 ,89.4 ,1.1 ,82.2 
2014-06-30,0.6 ,93.1 ,0.0 ,86.9 ,0.0 ,87.4 ,0.0 ,84.4 ,0.0 ,93.7 ,0.0 ,92.9 ,0.0 ,76.6 
2014-07-07,0.7 ,94.3 ,0.0 ,89.6 ,0.0 ,82.8 ,0.0 ,87.9 ,0.0 ,94.0 ,0.0 ,87.8 ,0.0 ,80.7 
2014-07-14,0.6 ,93.0 ,0.0 ,90.9 ,0.5 ,86.1 ,0.0 ,86.5 ,2.5 ,87.6 ,0.0 ,86.4 ,0.0 ,89.7 
2014-07-21,0.7 ,89.5 ,0.3 ,92.5 ,0.0 ,86.7 ,0.0 ,83.1 ,2.4 ,91.1 ,0.0 ,87.1 ,0.0 ,85.2 
2014-07-28,0.6 ,87.3 ,0.0 ,89.3 ,0.0 ,88.3 ,0.0 ,81.7 ,3.6 ,91.3 ,0.0 ,91.0 ,0.0 ,86.6 
2014-08-04,0.5 ,85.2 ,0.0 ,89.6 ,0.0 ,88.6 ,0.5 ,85.5 ,2.4 ,91.5 ,0.0 ,94.1 ,0.0 ,84.5 
2014-08-11,1.0 ,80.5 ,0.4 ,85.9 ,0.8 ,82.9 ,1.2 ,77.4 ,1.9 ,91.5 ,0.0 ,90.2 ,0.0 ,85.5 
2014-08-18,1.4 ,70.8 ,0.7 ,80.0 ,0.8 ,75.5 ,1.0 ,72.2 ,2.5 ,85.1 ,0.0 ,90.3 ,0.0 ,82.5 
2014-08-25,2.1 ,64.9 ,1.5 ,78.7 ,0.8 ,65.2 ,2.0 ,62.3 ,2.6 ,79.9 ,0.0 ,87.6 ,0.8 ,68.7 
2014-09-01,1.9 ,61.2 ,1.4 ,75.7 ,1.7 ,62.9 ,2.4 ,67.7 ,3.1 ,79.0 ,0.0 ,86.7 ,0.0 ,73.9 
2014-09-15,3.9 ,55.9 ,3.3 ,66.2 ,3.7 ,52.8 ,4.5 ,50.7 ,2.5 ,64.7 ,0.0 ,77.1 ,5.7 ,61.6 
2014-09-22,3.9 ,54.3 ,5.1 ,66.5 ,5.8 ,52.5 ,4.8 ,51.1 ,6.9 ,63.3 ,0.7 ,71.3 ,3.4 ,55.7 
2014-09-29,2.8 ,58.6 ,2.1 ,67.6 ,2.2 ,57.5 ,4.3 ,50.6 ,7.4 ,65.5 ,0.7 ,75.0 ,12.4 ,55.7 
2014-10-06,1.5 ,65.0 ,1.7 ,68.5 ,2.4 ,61.9 ,0.5 ,62.4 ,10.9 ,62.7 ,0.7 ,74.2 ,1.3 ,53.6 
2014-10-13,1.3 ,70.6 ,1.1 ,73.9 ,2.8 ,64.8 ,1.2 ,65.0 ,8.0 ,60.6 ,0.0 ,75.0 ,6.2 ,58.2 
2014-10-20,1.0 ,75.9 ,1.1 ,73.4 ,1.4 ,69.1 ,1.7 ,71.2 ,8.3 ,68.1 ,0.0 ,86.5 ,1.3 ,61.4 
2014-10-27,0.6 ,80.4 ,0.7 ,79.7 ,1.9 ,67.4 ,1.0 ,73.5 ,5.1 ,75.8 ,0.0 ,77.5 ,0.0 ,63.8 
2014-11-03,0.4 ,83.0 ,0.6 ,77.8 ,0.9 ,76.9 ,0.0 ,82.3 ,2.7 ,79.2 ,0.0 ,82.4 ,1.3 ,63.9 
2014-11-10,0.5 ,85.0 ,0.7 ,83.2 ,1.3 ,77.0 ,0.5 ,83.6 ,4.0 ,81.7 ,0.0 ,83.6 ,1.0 ,63.3 
2014-11-17,0.3 ,88.1 ,0.0 ,82.8 ,1.7 ,78.9 ,0.0 ,86.5 ,2.6 ,86.0 ,0.0 ,91.0 ,0.0 ,76.2 
2014-11-24,0.3 ,87.5 ,0.3 ,84.8 ,1.4 ,80.1 ,0.9 ,89.3 ,2.7 ,83.9 ,0.0 ,91.0 ,1.3 ,79.9 
2014-12-01,0.3 ,90.0 ,0.4 ,84.4 ,1.4 ,79.5 ,0.5 ,91.9 ,2.3 ,85.4 ,0.0 ,91.0 ,1.4 ,81.2 
2014-12-08,0.5 ,89.8 ,0.3 ,89.5 ,0.9 ,80.4 ,0.5 ,89.0 ,0.4 ,90.5 ,0.0 ,88.5 ,0.0 ,85.6 
2014-12-15,0.4 ,90.8 ,0.2 ,86.0 ,0.0 ,84.8 ,0.5 ,90.1 ,1.4 ,84.6 ,0.0 ,89.4 ,2.9 ,78.6 
2014-12-22,0.4 ,90.3 ,0.4 ,89.3 ,0.0 ,84.7 ,0.0 ,93.9 ,0.7 ,84.1 ,0.0 ,89.8 ,0.0 ,75.4 
2014-12-29,0.5 ,88.2 ,0.0 ,89.9 ,0.0 ,87.2 ,0.5 ,93.3 ,0.0 ,88.2 ,0.0 ,91.6 ,0.0 ,75.9 
2015-01-05,1.0 ,85.4 ,0.1 ,89.3 ,0.5 ,82.2 ,0.4 ,88.7 ,0.7 ,85.6 ,0.0 ,89.9 ,0.0 ,79.6 
2015-01-12,0.7 ,81.2 ,0.2 ,87.8 ,0.5 ,82.5 ,0.7 ,83.3 ,0.7 ,89.4 ,0.0 ,90.0 ,2.4 ,71.7 
2015-01-19,0.9 ,77.2 ,0.7 ,84.3 ,1.4 ,81.3 ,0.5 ,81.8 ,0.7 ,83.1 ,0.0 ,93.2 ,1.8 ,69.2 
2015-01-26,1.9 ,74.5 ,0.7 ,80.6 ,0.5 ,78.1 ,1.3 ,77.8 ,0.7 ,86.4 ,0.0 ,93.2 ,2.4 ,72.1 
2015-02-02,2.0 ,64.9 ,0.2 ,81.5 ,0.0 ,71.0 ,2.3 ,69.9 ,0.7 ,83.4 ,0.0 ,90.3 ,2.0 ,75.2 
2015-02-09,3.6 ,59.7 ,0.6 ,78.2 ,0.5 ,79.2 ,0.5 ,65.8 ,1.4 ,83.0 ,0.0 ,84.8 ,1.8 ,61.5 
2015-02-23,3.7 ,60.4 ,0.5 ,75.3 ,1.7 ,73.6 ,1.6 ,64.0 ,0.4 ,89.5 ,0.0 ,82.4 ,2.6 ,71.0 
2015-03-02,6.3 ,51.6 ,2.5 ,64.1 ,1.5 ,64.5 ,8.0 ,51.1 ,0.4 ,83.1 ,0.0 ,80.9 ,0.0 ,62.3 
2015-03-09,6.6 ,46.8 ,2.6 ,63.5 ,0.7 ,65.8 ,7.7 ,41.9 ,1.4 ,77.3 ,0.0 ,79.0 ,0.0 ,47.1 
2015-03-16,7.2 ,41.0 ,3.4 ,60.2 ,0.5 ,64.8 ,10.4 ,31.4 ,0.7 ,76.2 ,1.3 ,78.2 ,0.0 ,49.5 
2015-03-23,7.0 ,42.5 ,2.3 ,56.2 ,1.2 ,60.6 ,9.0 ,37.6 ,2.8 ,87.4 ,0.0 ,73.7 ,0.0 ,46.5 
2015-03-30,7.1 ,47.7 ,2.4 ,61.3 ,1.6 ,61.1 ,7.9 ,31.9 ,0.0 ,78.3 ,0.0 ,78.8 ,0.9 ,50.4 
2015-04-06,5.6 ,47.5 ,2.9 ,68.5 ,1.1 ,63.0 ,4.7 ,47.7 ,1.2 ,84.2 ,0.0 ,83.3 ,2.8 ,49.4 
2015-04-13,3.9 ,51.9 ,1.8 ,66.9 ,0.6 ,67.5 ,3.1 ,51.4 ,0.0 ,75.7 ,0.7 ,80.9 ,0.0 ,47.2 
2015-04-20,3.0 ,57.1 ,1.7 ,68.9 ,1.8 ,66.2 ,1.5 ,54.5 ,0.0 ,73.0 ,0.0 ,84.5 ,0.0 ,59.8 
2015-04-27,2.4 ,61.9 ,2.1 ,72.1 ,1.0 ,67.3 ,1.9 ,54.6 ,3.3 ,82.5 ,0.7 ,82.8 ,1.4 ,68.4 
2015-05-04,2.3 ,66.2 ,1.2 ,62.8 ,0.0 ,75.5 ,0.5 ,61.0 ,0.0 ,87.8 ,0.0 ,79.0 ,2.4 ,69.1 
2015-05-11,2.4 ,64.4 ,0.9 ,68.5 ,1.0 ,78.0 ,1.7 ,64.4 ,0.0 ,84.3 ,0.0 ,81.3 ,3.7 ,72.6 
2015-05-18,2.4 ,66.7 ,1.0 ,62.7 ,0.5 ,70.7 ,1.0 ,59.8 ,0.0 ,84.6 ,0.0 ,90.0 ,1.4 ,64.4 
2015-05-25,1.7 ,68.1 ,0.8 ,69.1 ,1.0 ,77.1 ,2.0 ,67.3 ,0.0 ,90.7 ,0.0 ,88.2 ,2.5 ,65.4 
2015-06-01,3.5 ,63.0 ,0.5 ,67.8 ,0.0 ,75.5 ,1.0 ,69.2 ,0.0 ,88.1 ,0.0 ,88.9 ,2.4 ,69.9 
2015-06-08,2.0 ,67.4 ,0.2 ,73.5 ,0.0 ,82.2 ,1.0 ,68.5 ,0.0 ,93.0 ,0.0 ,88.5 ,3.9 ,70.4 
2015-06-15,2.6 ,64.3 ,0.8 ,72.9 ,0.5 ,80.1 ,0.9 ,67.2 ,0.0 ,83.4 ,0.0 ,89.0 ,3.5 ,69.8 
2015-06-22,2.1 ,66.2 ,1.8 ,71.1 ,0.0 ,80.5 ,0.5 ,70.8 ,0.0 ,85.5 ,0.0 ,87.6 ,1.3 ,68.5 
2015-06-29,2.4 ,60.4 ,0.5 ,63.2 ,0.5 ,76.7 ,1.7 ,64.5 ,0.0 ,87.8 ,0.0 ,84.8 ,2.5 ,60.6 
2015-07-06,3.8 ,63.6 ,0.9 ,71.8 ,1.4 ,75.5 ,2.0 ,66.5 ,0.0 ,91.1 ,1.9 ,85.7 ,2.6 ,69.3 
2015-07-13,3.3 ,63.2 ,0.4 ,70.2 ,1.0 ,76.4 ,0.5 ,70.4 ,0.0 ,88.6 ,2.0 ,86.5 ,3.2 ,71.9 
2015-07-20,3.2 ,62.7 ,0.3 ,70.1 ,0.0 ,78.7 ,2.0 ,71.4 ,0.0 ,92.4 ,2.0 ,86.2 ,1.2 ,61.7 
2015-07-27,2.3 ,66.0 ,0.1 ,76.9 ,0.0 ,83.6 ,1.0 ,72.7 ,0.0 ,91.0 ,0.0 ,87.7 ,1.2 ,77.1 
2015-08-03,1.7 ,70.4 ,0.3 ,78.4 ,0.5 ,85.0 ,1.7 ,75.2 ,0.0 ,92.3 ,1.3 ,87.1 ,0.0 ,77.9 
2015-08-10,1.8 ,68.9 ,0.4 ,81.3 ,1.4 ,83.1 ,2.9 ,74.9 ,0.0 ,92.0 ,0.0 ,86.9 ,0.0 ,76.3 
2015-08-17,1.7 ,68.8 ,0.0 ,76.0 ,0.0 ,86.6 ,0.8 ,68.6 ,0.0 ,94.6 ,0.0 ,80.5 ,1.8 ,73.0 
2015-08-24,1.9 ,70.3 ,1.7 ,75.5 ,0.0 ,85.2 ,1.9 ,66.0 ,0.0 ,91.1 ,0.0 ,81.6 ,0.0 ,75.5 
2015-08-31,1.9 ,69.0 ,0.7 ,68.2 ,0.2 ,84.8 ,1.4 ,58.9 ,0.0 ,90.5 ,0.0 ,81.4 ,1.4 ,74.7 
2015-09-07,2.0 ,64.9 ,0.9 ,74.6 ,0.9 ,83.2 ,2.8 ,55.8 ,0.0 ,89.5 ,0.0 ,79.0 ,1.3 ,67.5 
2015-09-14,1.9 ,66.3 ,0.5 ,70.2 ,0.0 ,81.6 ,0.9 ,60.0 ,0.0 ,93.3 ,0.0 ,79.6 ,0.0 ,68.2 
2015-09-21,2.8 ,65.6 ,0.5 ,69.9 ,0.0 ,82.7 ,1.0 ,61.2 ,0.0 ,92.2 ,0.0 ,78.1 ,1.3 ,75.6 
2015-10-05,2.9 ,63.8 ,1.8 ,62.9 ,0.0 ,83.0 ,1.5 ,63.4 ,0.0 ,84.4 ,0.0 ,77.7 ,1.3 ,64.4 
2015-10-12,1.9 ,64.4 ,1.1 ,63.0 ,0.0 ,86.9 ,1.4 ,61.5 ,0.7 ,85.1 ,0.0 ,74.7 ,0.9 ,70.1 
2015-10-19,1.6 ,67.8 ,1.0 ,59.6 ,0.5 ,88.9 ,3.1 ,62.5 ,0.7 ,87.4 ,0.7 ,71.2 ,1.1 ,71.9 
2015-10-26,2.0 ,69.8 ,2.5 ,64.2 ,0.0 ,89.5 ,2.0 ,67.4 ,0.7 ,85.7 ,1.4 ,70.7 ,1.5 ,70.9 
2015-11-02,1.2 ,70.1 ,2.9 ,68.1 ,0.5 ,91.4 ,1.1 ,69.3 ,2.1 ,85.8 ,0.7 ,72.0 ,0.0 ,75.1 
2015-11-09,1.2 ,72.9 ,0.7 ,73.7 ,0.0 ,92.8 ,0.5 ,77.7 ,1.0 ,93.5 ,0.0 ,71.3 ,0.0 ,78.4 
2015-11-16,1.4 ,76.1 ,0.7 ,75.5 ,0.0 ,93.8 ,0.5 ,82.2 ,0.0 ,90.8 ,1.3 ,75.6 ,0.0 ,84.6 
2015-11-23,0.9 ,80.1 ,0.8 ,79.2 ,0.0 ,94.0 ,0.5 ,85.1 ,0.0 ,90.8 ,1.3 ,77.9 ,0.0 ,72.6 
2015-11-30,0.3 ,83.7 ,1.0 ,83.3 ,0.6 ,94.1 ,0.5 ,84.9 ,0.0 ,95.0 ,1.3 ,83.8 ,0.0 ,78.5 
2015-12-07,0.1 ,86.3 ,0.7 ,86.9 ,0.0 ,94.7 ,0.5 ,89.9 ,1.2 ,92.7 ,0.0 ,86.9 ,0.0 ,85.0 
2015-12-14,0.1 ,88.1 ,0.1 ,89.6 ,0.0 ,97.5 ,0.8 ,91.1 ,1.0 ,91.9 ,0.8 ,83.1 ,0.0 ,91.0 
2015-12-21,0.2 ,91.8 ,0.0 ,95.4 ,0.0 ,98.5 ,0.5 ,92.0 ,0.0 ,93.9 ,0.8 ,89.3 ,0.0 ,91.1 
2015-12-28,0.2 ,92.3 ,0.1 ,95.8 ,0.0 ,97.6 ,0.5 ,91.5 ,0.0 ,93.0 ,0.0 ,90.8 ,0.0 ,94.0 
2016-01-04,0.2 ,93.4 ,0.1 ,94.5 ,0.0 ,98.1 ,0.5 ,89.7 ,0.0 ,90.7 ,0.0 ,90.9 ,0.0 ,90.6 
2016-01-11,0.5 ,92.2 ,0.3 ,92.9 ,0.0 ,96.9 ,1.8 ,89.0 ,0.0 ,97.3 ,0.0 ,87.8 ,0.0 ,88.5 
2016-01-18,0.3 ,91.7 ,0.4 ,96.2 ,0.0 ,98.6 ,0.5 ,89.6 ,0.0 ,97.3 ,0.0 ,89.4 ,0.0 ,95.5 
2016-01-25,0.2 ,92.7 ,0.2 ,96.0 ,0.0 ,97.7 ,0.4 ,88.3 ,0.0 ,90.0 ,1.2 ,87.9 ,3.6 ,90.4 
2016-02-01,0.3 ,92.5 ,0.1 ,93.2 ,0.0 ,99.5 ,0.9 ,89.6 ,0.0 ,91.5 ,1.8 ,88.3 ,1.4 ,90.1 
2016-02-15,0.3 ,91.2 ,0.2 ,91.1 ,0.0 ,99.1 ,0.0 ,89.6 ,1.0 ,93.7 ,0.0 ,91.3 ,1.2 ,89.2 
2016-02-22,0.2 ,89.1 ,0.1 ,87.5 ,0.0 ,99.5 ,0.0 ,84.7 ,0.0 ,93.0 ,1.1 ,80.3 ,1.6 ,82.5 
2016-02-29,0.5 ,87.2 ,0.1 ,87.0 ,0.0 ,98.2 ,0.0 ,83.7 ,0.0 ,93.1 ,0.0 ,82.8 ,0.0 ,90.9 
2016-03-07,1.0 ,85.6 ,0.1 ,86.0 ,0.0 ,99.5 ,0.0 ,80.2 ,0.0 ,94.6 ,0.8 ,81.8 ,0.8 ,90.5 
2016-03-14,0.5 ,86.4 ,0.9 ,83.2 ,0.0 ,97.1 ,0.5 ,77.0 ,0.0 ,95.4 ,0.0 ,83.4 ,0.0 ,89.6 
2016-03-21,0.5 ,84.6 ,0.1 ,82.6 ,0.0 ,95.7 ,0.6 ,79.2 ,0.9 ,91.7 ,0.6 ,83.4 ,0.0 ,89.3 
2016-03-28,1.1 ,81.2 ,0.1 ,86.5 ,0.0 ,97.7 ,0.4 ,78.1 ,0.0 ,92.3 ,0.0 ,88.7 ,0.8 ,91.4 
2016-04-04,1.2 ,80.1 ,1.3 ,82.3 ,0.0 ,98.1 ,1.1 ,77.6 ,0.0 ,92.6 ,0.6 ,86.8 ,0.0 ,89.3 
2016-04-11,1.1 ,80.3 ,0.5 ,81.7 ,0.5 ,96.5 ,0.0 ,83.9 ,0.0 ,95.6 ,0.0 ,86.6 ,0.8 ,89.3 
2016-04-18,1.5 ,75.4 ,0.5 ,80.9 ,0.0 ,97.2 ,0.5 ,80.1 ,0.0 ,96.0 ,0.0 ,90.1 ,0.8 ,85.3 
2016-04-25,1.6 ,76.7 ,0.1 ,84.2 ,0.0 ,97.4 ,1.1 ,78.8 ,0.0 ,88.8 ,0.8 ,89.2 ,0.0 ,89.9 
2016-05-02,1.3 ,72.7 ,0.1 ,83.2 ,0.0 ,96.6 ,0.8 ,78.5 ,0.0 ,78.4 ,0.0 ,88.9 ,0.8 ,91.6 
2016-05-09,2.2 ,75.8 ,0.1 ,84.5 ,0.0 ,97.2 ,0.5 ,78.1 ,0.0 ,80.7 ,0.6 ,89.0 ,0.0 ,91.7 
2016-05-16,2.3 ,76.2 ,0.1 ,82.6 ,0.5 ,95.7 ,0.5 ,75.4 ,0.0 ,85.0 ,0.6 ,92.2 ,0.0 ,93.9 
2016-05-23,1.8 ,72.0 ,0.1 ,85.0 ,0.0 ,97.2 ,2.1 ,79.2 ,0.8 ,86.8 ,0.0 ,88.7 ,0.0 ,94.7 
2016-05-30,3.6 ,70.3 ,0.8 ,77.3 ,0.0 ,96.0 ,1.5 ,67.5 ,0.7 ,94.5 ,0.0 ,91.9 ,0.0 ,93.0 
2016-06-06,3.1 ,71.2 ,1.1 ,69.1 ,0.0 ,97.8 ,2.0 ,69.9 ,0.0 ,95.2 ,0.0 ,86.3 ,0.0 ,94.1 
2016-06-13,4.3 ,65.2 ,1.1 ,70.6 ,0.0 ,95.6 ,0.5 ,67.0 ,0.0 ,93.8 ,1.1 ,85.0 ,1.2 ,95.6 
2016-06-20,5.3 ,62.6 ,2.5 ,65.4 ,0.0 ,95.2 ,1.4 ,67.5 ,0.0 ,91.0 ,0.0 ,84.5 ,0.0 ,93.7 
2016-06-27,4.2 ,61.0 ,2.8 ,66.5 ,0.0 ,96.9 ,0.5 ,67.2 ,0.0 ,90.9 ,2.2 ,79.7 ,0.0 ,96.0 
2016-07-04,4.1 ,63.5 ,2.2 ,68.9 ,0.0 ,94.6 ,0.9 ,66.2 ,0.0 ,90.8 ,2.3 ,85.1 ,0.0 ,95.3 
2016-07-11,3.7 ,63.6 ,3.2 ,68.4 ,0.0 ,93.9 ,2.0 ,69.7 ,0.0 ,94.9 ,1.9 ,81.2 ,0.0 ,92.7 
2016-07-18,3.3 ,66.1 ,2.1 ,65.3 ,0.6 ,95.3 ,4.3 ,66.5 ,0.0 ,92.9 ,1.9 ,83.9 ,0.0 ,93.3 
2016-07-25,2.5 ,68.0 ,2.0 ,67.0 ,0.0 ,95.4 ,2.7 ,68.7 ,0.0 ,93.0 ,0.8 ,86.8 ,0.0 ,96.4 
2016-08-01,1.7 ,74.4 ,0.9 ,69.5 ,1.4 ,94.7 ,2.3 ,73.2 ,1.0 ,91.7 ,1.9 ,85.7 ,0.0 ,94.9 
2016-08-08,1.9 ,68.2 ,1.3 ,69.7 ,0.0 ,94.6 ,2.1 ,68.0 ,1.5 ,93.2 ,0.0 ,76.7 ,0.0 ,94.9 
2016-08-15,2.8 ,69.2 ,1.7 ,69.5 ,0.0 ,92.6 ,3.5 ,65.2 ,1.5 ,90.4 ,1.9 ,78.9 ,0.0 ,93.6 
2016-08-22,2.5 ,61.9 ,1.4 ,68.1 ,0.0 ,92.6 ,3.7 ,63.3 ,1.7 ,87.5 ,0.0 ,77.3 ,0.0 ,92.4 
2016-08-29,3.6 ,60.9 ,2.2 ,65.0 ,1.0 ,88.7 ,6.6 ,56.0 ,0.0 ,79.6 ,0.0 ,72.4 ,0.0 ,89.9 
2016-09-05,4.5 ,56.5 ,2.4 ,64.3 ,0.5 ,89.1 ,7.0 ,52.3 ,0.9 ,86.0 ,0.0 ,67.3 ,0.0 ,92.8 
2016-09-19,3.5 ,58.8 ,2.4 ,62.4 ,0.5 ,90.0 ,5.5 ,50.7 ,0.0 ,84.9 ,2.2 ,72.2 ,0.0 ,95.7 
2016-09-26,4.2 ,52.9 ,3.6 ,53.7 ,0.0 ,84.6 ,8.6 ,48.8 ,1.0 ,83.0 ,3.5 ,63.3 ,0.0 ,87.4 
2016-10-03,7.3 ,53.7 ,4.5 ,56.1 ,0.0 ,79.0 ,8.6 ,50.4 ,1.0 ,83.4 ,5.8 ,58.8 ,0.0 ,96.3 
2016-10-10,4.5 ,54.5 ,4.8 ,56.6 ,0.5 ,80.2 ,8.4 ,53.2 ,0.9 ,77.7 ,4.4 ,61.3 ,0.0 ,84.5 
2016-10-17,3.9 ,55.4 ,4.7 ,60.1 ,1.0 ,80.8 ,4.5 ,55.9 ,0.8 ,72.0 ,3.3 ,52.2 ,0.0 ,82.8 
2016-10-24,2.1 ,65.4 ,1.9 ,60.4 ,1.0 ,80.5 ,3.5 ,59.7 ,0.0 ,79.7 ,4.9 ,57.9 ,0.0 ,90.5 
2016-10-31,1.1 ,74.0 ,0.3 ,71.5 ,1.5 ,90.3 ,2.4 ,66.9 ,0.8 ,79.3 ,0.0 ,63.1 ,0.0 ,92.0 
2016-11-07,0.6 ,80.3 ,0.9 ,70.0 ,0.5 ,91.2 ,0.8 ,73.5 ,1.6 ,81.1 ,1.9 ,65.2 ,0.0 ,94.1 
2016-11-14,0.6 ,85.6 ,0.6 ,73.8 ,0.5 ,90.9 ,1.0 ,76.0 ,0.0 ,84.8 ,0.0 ,71.3 ,0.0 ,91.9 
2016-11-21,0.2 ,88.6 ,0.9 ,75.1 ,0.0 ,93.7 ,1.7 ,82.9 ,0.0 ,87.7 ,1.9 ,70.7 ,0.0 ,93.9 
2016-11-28,0.2 ,89.3 ,0.4 ,84.5 ,0.0 ,93.9 ,0.9 ,85.9 ,0.0 ,87.0 ,0.6 ,74.1 ,0.0 ,92.7 
2016-12-05,0.1 ,91.5 ,0.3 ,83.4 ,5.0 ,86.3 ,0.7 ,86.7 ,0.0 ,93.7 ,0.0 ,71.4 ,0.8 ,92.0 
2016-12-12,0.3 ,92.1 ,0.7 ,90.1 ,0.0 ,93.7 ,0.5 ,88.4 ,0.0 ,95.7 ,2.1 ,80.3 ,0.8 ,90.6 
2016-12-19,0.1 ,93.7 ,0.0 ,91.1 ,0.0 ,94.9 ,0.5 ,89.5 ,0.0 ,96.6 ,0.0 ,89.0 ,0.8 ,94.6 
2016-12-26,0.2 ,92.9 ,0.4 ,90.9 ,0.9 ,97.1 ,0.5 ,88.7 ,0.0 ,95.4 ,0.0 ,87.3 ,0.8 ,95.0 
2017-01-02,0.4 ,93.9 ,0.1 ,92.4 ,0.0 ,94.3 ,0.3 ,91.3 ,0.0 ,96.8 ,0.0 ,85.8 ,0.0 ,95.6 
2017-01-09,0.3 ,93.4 ,0.0 ,95.2 ,0.0 ,94.2 ,0.0 ,91.3 ,0.0 ,97.5 ,0.0 ,86.8 ,0.0 ,96.2 
2017-01-16,0.1 ,94.4 ,0.0 ,93.4 ,0.6 ,91.0 ,0.0 ,91.0 ,0.0 ,95.0 ,0.0 ,86.0 ,0.0 ,95.1 
2017-01-23,0.2 ,94.2 ,0.1 ,94.0 ,0.0 ,96.3 ,0.0 ,94.1 ,0.0 ,96.6 ,0.8 ,86.8 ,0.0 ,97.8 
2017-01-30,0.2 ,95.8 ,0.1 ,93.3 ,0.0 ,97.4 ,0.0 ,93.4 ,0.0 ,99.0 ,0.0 ,89.9 ,0.0 ,97.4 
2017-02-06,0.4 ,93.6 ,0.4 ,89.7 ,0.0 ,91.0 ,0.0 ,88.4 ,1.5 ,93.3 ,0.8 ,91.6 ,0.0 ,93.0 
2017-02-13,0.4 ,91.8 ,0.4 ,90.0 ,0.5 ,91.8 ,0.7 ,82.4 ,0.0 ,96.2 ,0.0 ,81.0 ,0.0 ,93.8 
2017-02-20,0.5 ,89.0 ,0.0 ,89.6 ,0.0 ,86.4 ,0.0 ,79.1 ,0.0 ,93.6 ,0.6 ,84.7 ,0.0 ,94.6 
2017-02-27,0.6 ,86.8 ,0.4 ,90.1 ,0.0 ,87.3 ,0.5 ,80.9 ,0.0 ,96.4 ,0.8 ,81.7 ,0.0 ,96.8 
2017-03-06,0.4 ,83.2 ,0.4 ,88.4 ,0.9 ,85.4 ,0.0 ,84.2 ,0.0 ,93.3 ,0.6 ,85.3 ,0.0 ,94.8 
2017-03-13,0.9 ,80.4 ,0.7 ,89.9 ,0.0 ,82.3 ,0.5 ,73.0 ,1.1 ,90.2 ,0.6 ,84.5 ,0.0 ,93.1 
2017-03-20,0.7 ,80.7 ,0.4 ,89.2 ,0.0 ,92.6 ,0.7 ,79.6 ,0.0 ,92.3 ,0.0 ,85.9 ,0.0 ,95.6 
2017-03-27,1.1 ,82.2 ,1.0 ,88.0 ,0.0 ,89.7 ,0.5 ,85.5 ,0.0 ,95.2 ,0.0 ,84.1 ,0.0 ,97.6 
2017-04-03,1.5 ,83.0 ,0.4 ,86.5 ,0.0 ,90.4 ,0.5 ,80.5 ,0.0 ,95.2 ,0.0 ,91.0 ,0.0 ,96.1 
2017-04-10,1.2 ,80.2 ,1.1 ,87.1 ,0.0 ,91.4 ,0.3 ,82.4 ,0.0 ,96.6 ,0.0 ,91.4 ,0.0 ,92.8 
2017-04-17,1.6 ,77.7 ,0.4 ,86.6 ,0.0 ,92.5 ,0.0 ,82.6 ,0.0 ,96.8 ,0.0 ,85.6 ,0.0 ,93.3 
2017-04-24,2.5 ,76.9 ,0.0 ,90.0 ,0.8 ,94.5 ,0.0 ,81.1 ,0.0 ,95.7 ,0.0 ,91.5 ,0.0 ,96.0 
2017-05-08,3.5 ,72.2 ,0.4 ,91.0 ,0.0 ,95.1 ,0.7 ,78.0 ,0.0 ,95.1 ,0.0 ,89.6 ,0.0 ,96.3 
2017-05-15,4.4 ,64.7 ,0.6 ,90.0 ,1.3 ,86.2 ,0.9 ,74.7 ,0.0 ,96.6 ,0.0 ,84.6 ,0.0 ,97.5 
2017-05-22,6.9 ,58.2 ,0.4 ,86.2 ,0.0 ,87.8 ,0.5 ,77.1 ,0.0 ,95.3 ,0.0 ,93.3 ,0.0 ,94.6 
2017-05-29,11.9 ,48.2 ,0.6 ,85.4 ,0.0 ,85.8 ,0.4 ,74.5 ,0.0 ,91.8 ,1.1 ,85.8 ,0.0 ,91.9 
2017-06-05,12.6 ,44.1 ,1.1 ,85.7 ,0.0 ,80.8 ,2.3 ,68.6 ,0.0 ,92.3 ,0.6 ,85.9 ,0.0 ,89.4 
2017-06-12,8.7 ,49.8 ,0.5 ,86.6 ,1.7 ,74.3 ,2.4 ,65.1 ,0.0 ,92.0 ,0.0 ,90.3 ,0.0 ,94.0 
2017-06-19,3.7 ,66.3 ,0.9 ,89.6 ,2.4 ,73.5 ,3.0 ,66.4 ,0.0 ,95.2 ,0.0 ,87.6 ,0.0 ,94.2 
2017-06-26,3.3 ,67.8 ,0.3 ,90.2 ,3.9 ,73.6 ,2.5 ,71.4 ,0.0 ,92.0 ,0.0 ,90.4 ,0.0 ,91.2 
2017-07-03,2.6 ,65.3 ,0.4 ,91.6 ,2.6 ,75.3 ,0.3 ,68.0 ,0.0 ,91.2 ,0.0 ,85.7 ,0.0 ,93.9 
2017-07-10,3.5 ,64.2 ,0.0 ,89.3 ,2.1 ,71.8 ,1.0 ,70.2 ,0.0 ,86.8 ,0.0 ,82.3 ,0.0 ,96.1 
2017-07-17,5.7 ,60.7 ,0.2 ,91.9 ,2.0 ,68.3 ,0.5 ,72.0 ,0.0 ,88.9 ,0.7 ,84.8 ,0.0 ,94.3 
2017-07-24,7.0 ,56.1 ,0.0 ,91.9 ,4.1 ,60.9 ,1.9 ,72.4 ,0.0 ,91.6 ,0.0 ,81.4 ,0.0 ,94.2 
2017-07-31,7.3 ,62.7 ,0.7 ,89.0 ,8.1 ,64.4 ,1.4 ,76.1 ,0.0 ,84.9 ,1.9 ,85.1 ,0.0 ,96.1 
2017-08-07,0.5 ,87.0 ,0.2 ,92.8 ,5.7 ,67.3 ,0.5 ,81.7 ,0.0 ,85.6 ,0.8 ,92.0 ,0.0 ,95.8 
2017-08-14,0.3 ,93.0 ,0.3 ,96.5 ,3.7 ,71.2 ,0.0 ,78.0 ,0.0 ,85.3 ,0.0 ,92.3 ,0.0 ,93.5 
2017-08-21,0.4 ,93.5 ,0.2 ,96.1 ,0.6 ,74.0 ,0.9 ,82.9 ,0.0 ,89.0 ,0.8 ,81.0 ,0.0 ,93.7 
2017-08-28,0.1 ,93.7 ,0.2 ,97.2 ,1.9 ,74.7 ,0.5 ,79.9 ,0.0 ,89.4 ,0.0 ,86.4 ,0.0 ,91.5 
2017-09-04,0.0 ,92.9 ,0.0 ,96.7 ,0.0 ,76.1 ,1.0 ,79.5 ,0.0 ,84.8 ,0.0 ,86.5 ,0.0 ,91.5 
2017-09-11,0.0 ,93.4 ,0.0 ,97.0 ,0.0 ,83.3 ,1.0 ,80.4 ,0.8 ,86.2 ,0.0 ,88.8 ,1.1 ,92.6 
2017-09-18,0.0 ,88.1 ,0.0 ,95.3 ,1.1 ,83.7 ,1.3 ,85.6 ,0.8 ,79.5 ,0.0 ,89.4 ,1.2 ,92.1 
2017-09-25,0.6 ,86.4 ,0.2 ,97.3 ,0.0 ,86.9 ,0.5 ,83.8 ,0.0 ,79.5 ,0.0 ,88.4 ,0.0 ,98.2 
2017-10-09,0.4 ,87.5 ,0.4 ,96.9 ,0.5 ,89.7 ,0.5 ,83.8 ,0.0 ,78.2 ,1.1 ,89.4 ,0.0 ,95.4 
2017-10-16,0.8 ,83.2 ,0.0 ,96.0 ,0.0 ,84.0 ,1.2 ,82.6 ,0.0 ,81.0 ,1.1 ,84.6 ,0.0 ,97.7 
2017-10-23,0.5 ,85.0 ,1.1 ,91.9 ,0.0 ,80.5 ,0.5 ,84.8 ,0.0 ,77.8 ,2.5 ,81.1 ,0.0 ,93.9 
2017-10-30,0.4 ,85.8 ,0.0 ,96.4 ,0.0 ,84.5 ,1.1 ,89.2 ,0.0 ,81.1 ,0.0 ,81.0 ,0.0 ,91.7 
2017-11-06,0.6 ,83.8 ,0.0 ,98.3 ,0.0 ,93.0 ,0.5 ,92.3 ,0.7 ,86.1 ,2.2 ,79.5 ,0.0 ,92.4 
2017-11-13,1.3 ,82.2 ,0.0 ,99.2 ,0.3 ,91.3 ,0.5 ,91.5 ,0.6 ,88.4 ,1.1 ,88.1 ,0.0 ,95.3 
2017-11-20,1.2 ,83.1 ,0.0 ,96.9 ,0.0 ,95.5 ,0.0 ,93.0 ,0.0 ,89.1 ,1.1 ,82.0 ,0.8 ,94.9 
2017-11-27,1.3 ,82.4 ,0.2 ,98.3 ,0.0 ,94.4 ,0.8 ,91.0 ,1.4 ,84.8 ,0.0 ,83.5 ,0.0 ,95.9 
2017-12-04,2.0 ,82.3 ,0.0 ,99.7 ,0.0 ,93.7 ,0.0 ,92.2 ,0.0 ,86.2 ,0.8 ,82.5 ,0.0 ,93.6 
2017-12-11,1.5 ,82.1 ,0.0 ,99.8 ,0.0 ,96.3 ,0.0 ,92.5 ,0.0 ,86.6 ,1.2 ,83.9 ,0.0 ,98.2 
2017-12-18,1.0 ,81.3 ,0.3 ,98.5 ,0.0 ,94.8 ,0.0 ,93.6 ,0.6 ,91.4 ,0.0 ,83.5 ,0.0 ,97.9 
2017-12-25,1.1 ,81.2 ,0.0 ,99.7 ,0.0 ,93.5 ,0.0 ,95.7 ,0.6 ,91.9 ,1.1 ,84.8 ,0.0 ,99.1 
2018-01-01,1.5 ,80.8 ,0.0 ,99.0 ,0.0 ,96.1 ,0.0 ,95.5 ,0.0 ,93.9 ,1.2 ,84.8 ,0.0 ,95.3 
2018-01-08,3.2 ,75.5 ,0.0 ,98.8 ,0.0 ,93.5 ,0.0 ,92.0 ,0.6 ,91.3 ,1.2 ,86.9 ,0.0 ,95.7 
2018-01-15,4.4 ,73.5 ,0.0 ,99.1 ,0.0 ,93.0 ,0.5 ,91.1 ,1.2 ,88.9 ,1.1 ,81.5 ,0.0 ,97.9 
2018-01-22,4.0 ,70.1 ,0.0 ,97.5 ,0.0 ,92.1 ,0.0 ,89.5 ,0.7 ,83.4 ,1.2 ,82.9 ,0.0 ,95.8 
2018-01-29,4.3 ,69.1 ,0.0 ,93.9 ,0.0 ,95.6 ,0.0 ,89.3 ,3.8 ,80.5 ,2.2 ,70.9 ,0.0 ,96.1 
2018-02-05,4.8 ,70.8 ,0.0 ,98.7 ,0.0 ,95.5 ,0.5 ,86.4 ,2.4 ,83.5 ,0.0 ,81.1 ,0.0 ,93.8 
2018-02-19,2.4 ,73.4 ,0.4 ,97.2 ,0.0 ,91.3 ,0.6 ,87.2 ,0.7 ,87.3 ,1.2 ,83.2 ,0.0 ,92.4 
2018-02-26,3.2 ,71.7 ,0.0 ,98.5 ,0.5 ,88.8 ,0.5 ,86.4 ,0.7 ,80.4 ,2.3 ,83.8 ,1.2 ,95.0 
2018-03-05,2.7 ,72.2 ,0.5 ,90.9 ,0.0 ,86.7 ,0.5 ,84.1 ,2.6 ,86.7 ,1.3 ,73.6 ,0.0 ,91.8 
2018-03-12,2.5 ,77.5 ,0.0 ,93.5 ,0.0 ,79.8 ,1.0 ,82.4 ,0.8 ,88.4 ,1.2 ,85.0 ,0.0 ,96.0 
2018-03-19,2.1 ,77.9 ,0.6 ,93.2 ,0.0 ,83.4 ,0.5 ,82.1 ,0.0 ,88.0 ,0.0 ,81.8 ,0.0 ,93.5 
2018-03-26,1.4 ,81.0 ,0.3 ,96.6 ,0.5 ,85.2 ,0.8 ,80.8 ,0.8 ,86.8 ,0.7 ,82.4 ,0.0 ,98.3 
2018-04-02,0.9 ,82.9 ,0.0 ,97.2 ,0.5 ,89.3 ,0.5 ,90.0 ,1.4 ,83.9 ,2.7 ,85.7 ,0.0 ,96.8 
2018-04-09,0.8 ,87.4 ,0.0 ,96.1 ,0.0 ,87.4 ,1.2 ,92.1 ,1.6 ,90.6 ,0.7 ,87.4 ,0.0 ,98.6 
2018-04-16,0.8 ,89.4 ,0.0 ,97.9 ,0.0 ,91.3 ,1.2 ,89.1 ,0.4 ,92.3 ,0.7 ,85.3 ,0.0 ,99.0 
2018-04-23,0.6 ,92.0 ,0.0 ,98.1 ,0.0 ,92.0 ,1.0 ,93.7 ,0.5 ,87.8 ,1.2 ,90.5 ,0.0 ,99.0 
2018-04-30,0.5 ,92.3 ,0.0 ,98.3 ,0.7 ,90.6 ,0.5 ,92.2 ,0.4 ,85.2 ,1.2 ,90.5 ,0.0 ,100.0 
2018-05-07,0.5 ,93.1 ,0.0 ,98.4 ,0.0 ,92.4 ,0.5 ,93.6 ,0.5 ,90.8 ,1.2 ,89.0 ,0.0 ,98.9 
2018-05-14,0.5 ,91.0 ,0.0 ,98.2 ,0.0 ,90.8 ,0.5 ,94.5 ,0.0 ,96.0 ,0.0 ,91.9 ,0.0 ,97.6 
2018-05-21,0.6 ,91.4 ,0.0 ,98.2 ,0.0 ,92.1 ,0.5 ,94.1 ,0.0 ,95.0 ,0.0 ,92.3 ,0.0 ,100.0 
2018-05-28,0.5 ,91.3 ,0.0 ,97.7 ,0.0 ,90.4 ,0.5 ,90.9 ,0.0 ,94.8 ,0.0 ,94.6 ,0.0 ,98.7 
